CountryName,Month,RepressionEvents,RepressionFatalities,StringencyIndex,EconomicSupportIndex,PoliticalViolenceEvents,Year,AnnualDemonstrations
Afghanistan,2020-01-31,29,20,0.0,0.0,1027.0,2020,147.0
Afghanistan,2020-02-29,13,8,2.010689655172414,0.0,766.0,2020,147.0
Afghanistan,2020-03-31,36,1,40.831935483870964,0.0,766.0,2020,147.0
Afghanistan,2020-04-30,40,2,80.74000000000001,0.0,560.0,2020,147.0
Afghanistan,2020-05-31,28,30,84.26,25.0,575.0,2020,147.0
Afghanistan,2020-06-30,17,44,84.07466666666667,0.0,639.0,2020,147.0
Afghanistan,2020-07-31,24,17,78.7,0.0,827.0,2020,147.0
Afghanistan,2020-08-31,38,26,56.84096774193548,0.0,828.0,2020,147.0
Afghanistan,2020-09-30,42,8,28.7,0.0,853.0,2020,147.0
Afghanistan,2020-10-31,51,25,17.057096774193546,0.0,1053.0,2020,147.0
Afghanistan,2020-11-30,62,20,11.298666666666666,0.0,957.0,2020,147.0
Afghanistan,2020-12-31,32,23,12.04,0.0,907.0,2020,147.0
Afghanistan,2021-01-31,34,59,12.04,0.0,1003.0,2021,234.0
Afghanistan,2021-02-28,40,20,12.040000000000001,0.0,973.0,2021,234.0
Afghanistan,2021-03-31,44,16,24.106129032258064,0.0,986.0,2021,234.0
Afghanistan,2021-04-30,95,17,26.85,0.0,1149.0,2021,234.0
Afghanistan,2021-05-31,43,21,33.30225806451613,0.0,1341.0,2021,234.0
Afghanistan,2021-06-30,98,38,44.417,0.0,1459.0,2021,234.0
Afghanistan,2021-07-31,34,9,53.7341935483871,0.0,1001.0,2021,234.0
Afghanistan,2021-08-31,60,70,35.57032258064516,0.0,587.0,2021,234.0
Afghanistan,2021-09-30,61,64,27.348333333333333,0.0,123.0,2021,234.0
Afghanistan,2021-10-31,35,43,32.73838709677419,0.0,156.0,2021,234.0
Afghanistan,2021-11-30,38,26,25.0,0.0,165.0,2021,234.0
Afghanistan,2021-12-31,63,27,22.309677419354838,0.0,179.0,2021,234.0
Afghanistan,2022-01-31,82,49,19.44,0.0,237.0,2022,289.0
Afghanistan,2022-02-28,73,56,19.44,0.0,212.0,2022,289.0
Afghanistan,2022-03-31,92,50,17.295483870967743,0.0,224.0,2022,289.0
Afghanistan,2022-04-30,63,30,16.67,0.0,295.0,2022,289.0
Afghanistan,2022-05-31,92,80,12.724193548387097,0.0,288.0,2022,289.0
Afghanistan,2022-06-30,74,84,11.109999999999998,0.0,271.0,2022,289.0
Afghanistan,2022-07-31,59,26,11.11,0.0,200.0,2022,289.0
Afghanistan,2022-08-31,70,39,11.11,0.0,204.0,2022,289.0
Afghanistan,2022-09-30,77,68,9.26,0.0,206.0,2022,289.0
Afghanistan,2022-10-31,73,53,5.56,0.0,177.0,2022,289.0
Afghanistan,2022-11-30,60,26,3.4286666666666665,0.0,126.0,2022,289.0
Afghanistan,2022-12-31,60,23,0.4483870967741935,0.0,107.0,2022,289.0
Albania,2020-04-30,1,0,86.665,50.833333333333336,1.0,2020,216.0
Albania,2020-05-31,5,0,87.4216129032258,64.91935483870968,1.0,2020,216.0
Albania,2020-06-30,2,0,70.466,75.0,2.0,2020,216.0
Albania,2020-07-31,1,0,63.85677419354838,75.0,0.0,2020,216.0
Albania,2020-09-30,1,0,54.63,50.0,0.0,2020,216.0
Albania,2020-12-31,5,0,62.45483870967742,50.0,1.0,2020,216.0
Albania,2021-01-31,2,0,58.99322580645161,60.483870967741936,0.0,2021,149.0
Albania,2021-02-28,1,0,60.19,75.0,2.0,2021,149.0
Albania,2021-04-30,1,0,56.66866666666667,50.0,9.0,2021,149.0
Albania,2021-05-31,3,0,55.141290322580645,50.0,2.0,2021,149.0
Albania,2021-07-31,1,0,37.96,50.0,0.0,2021,149.0
Albania,2021-08-31,1,0,38.29,50.0,1.0,2021,149.0
Albania,2021-09-30,1,0,41.14466666666667,50.0,2.0,2021,149.0
Albania,2021-11-30,2,0,44.81733333333333,50.0,1.0,2021,149.0
Albania,2022-01-31,2,0,46.3,50.0,2.0,2022,148.0
Algeria,2020-01-31,5,0,0.0,0.0,1.0,2020,2113.0
Algeria,2020-02-29,7,0,0.0,0.0,1.0,2020,2113.0
Algeria,2020-03-31,10,0,37.48612903225806,0.0,4.0,2020,2113.0
Algeria,2020-05-31,3,3,77.56677419354838,37.5,8.0,2020,2113.0
Algeria,2020-06-30,13,0,70.55433333333332,52.916666666666664,7.0,2020,2113.0
Algeria,2020-07-31,3,0,72.54838709677419,50.0,5.0,2020,2113.0
Algeria,2020-08-31,41,0,81.0641935483871,50.0,0.0,2020,2113.0
Algeria,2020-09-30,14,0,75.93,50.0,1.0,2020,2113.0
Algeria,2020-10-31,17,2,75.63000000000001,50.0,1.0,2020,2113.0
Algeria,2020-11-30,8,0,71.69733333333333,50.0,3.0,2020,2113.0
Algeria,2020-12-31,2,0,72.22,50.0,2.0,2020,2113.0
Algeria,2021-01-31,5,0,72.22,50.0,6.0,2021,1793.0
Algeria,2021-02-28,19,0,75.0,28.571428571428573,0.0,2021,1793.0
Algeria,2021-03-31,26,0,78.49709677419354,25.0,1.0,2021,1793.0
Algeria,2021-04-30,19,0,79.57033333333334,25.0,0.0,2021,1793.0
Algeria,2021-05-31,29,1,66.34935483870967,37.096774193548384,3.0,2021,1793.0
Algeria,2021-06-30,5,0,53.05233333333333,50.0,2.0,2021,1793.0
Algeria,2021-07-31,1,0,50.59451612903226,50.0,0.0,2021,1793.0
Algeria,2021-08-31,1,0,49.07,50.0,2.0,2021,1793.0
Algeria,2021-11-30,2,1,40.489333333333335,50.0,3.0,2021,1793.0
Algeria,2021-12-31,2,0,45.87645161290323,50.0,1.0,2021,1793.0
Algeria,2022-02-28,12,0,34.96607142857143,8.928571428571429,4.0,2022,340.0
Algeria,2022-04-30,4,0,33.555,0.0,1.0,2022,340.0
Algeria,2022-05-31,5,0,33.44,0.0,3.0,2022,340.0
Algeria,2022-06-30,1,0,33.44,0.0,0.0,2022,340.0
Algeria,2022-10-31,2,8,2.600645161290322,0.0,3.0,2022,340.0
Algeria,2022-12-31,2,0,3.9422580645161287,0.0,2.0,2022,340.0
Andorra,2022-12-31,1,0,11.11,0.0,0.0,2022,4.0
Angola,2020-01-31,3,0,0.0,0.0,3.0,2020,66.0
Angola,2020-02-29,1,0,4.601379310344828,0.0,1.0,2020,66.0
Angola,2020-03-31,2,1,24.4,0.0,4.0,2020,66.0
Angola,2020-04-30,2,1,87.52933333333334,42.5,2.0,2020,66.0
Angola,2020-05-31,7,4,78.52483870967743,75.0,8.0,2020,66.0
Angola,2020-06-30,5,5,76.36166666666668,31.666666666666668,7.0,2020,66.0
Angola,2020-07-31,8,4,76.45064516129032,25.0,11.0,2020,66.0
Angola,2020-08-31,7,4,78.18354838709678,25.0,9.0,2020,66.0
Angola,2020-09-30,2,0,78.00999999999999,23.333333333333332,8.0,2020,66.0
Angola,2020-10-31,1,0,70.1632258064516,7.258064516129032,1.0,2020,66.0
Angola,2020-11-30,8,1,59.217,18.333333333333332,5.0,2020,66.0
Angola,2020-12-31,2,0,65.20258064516128,0.0,6.0,2020,66.0
Angola,2021-01-31,4,100,63.318709677419356,0.0,5.0,2021,103.0
Angola,2021-02-28,7,4,63.75714285714286,0.0,3.0,2021,103.0
Angola,2021-03-31,5,0,64.18677419354839,0.0,8.0,2021,103.0
Angola,2021-04-30,1,0,63.20933333333333,0.0,6.0,2021,103.0
Angola,2021-05-31,1,1,40.58806451612903,0.0,3.0,2021,103.0
Angola,2021-06-30,1,0,48.193,0.0,1.0,2021,103.0
Angola,2021-07-31,3,0,56.94,0.0,4.0,2021,103.0
Angola,2021-08-31,5,0,56.94,0.0,10.0,2021,103.0
Angola,2021-09-30,3,0,63.89,0.0,3.0,2021,103.0
Angola,2021-10-31,3,0,61.0658064516129,0.0,12.0,2021,103.0
Angola,2021-11-30,1,0,56.69533333333334,0.0,1.0,2021,103.0
Angola,2021-12-31,4,0,67.93451612903226,0.0,8.0,2021,103.0
Angola,2022-01-31,2,6,70.10677419354839,0.0,7.0,2022,112.0
Angola,2022-02-28,3,2,65.36642857142857,0.0,4.0,2022,112.0
Angola,2022-03-31,5,2,47.38903225806452,0.0,7.0,2022,112.0
Angola,2022-04-30,4,0,42.358333333333334,18.333333333333332,6.0,2022,112.0
Angola,2022-05-31,2,3,43.21322580645161,25.0,2.0,2022,112.0
Angola,2022-07-31,2,0,28.294193548387096,25.0,6.0,2022,112.0
Angola,2022-08-31,7,0,28.23741935483871,25.0,9.0,2022,112.0
Angola,2022-09-30,2,0,27.283333333333335,25.0,6.0,2022,112.0
Angola,2022-10-31,3,0,22.65,25.0,5.0,2022,112.0
Angola,2022-11-30,3,0,22.279999999999998,25.0,5.0,2022,112.0
Angola,2022-12-31,3,9,17.032258064516128,25.0,5.0,2022,112.0
Argentina,2020-01-31,3,0,3.2254838709677416,0.0,7.0,2020,2865.0
Argentina,2020-02-29,2,0,11.11,0.0,1.0,2020,2865.0
Argentina,2020-03-31,3,0,51.70258064516129,18.548387096774192,1.0,2020,2865.0
Argentina,2020-04-30,14,2,98.45700000000001,75.0,11.0,2020,2865.0
Argentina,2020-05-31,12,1,90.2625806451613,75.0,9.0,2020,2865.0
Argentina,2020-06-30,6,1,89.13666666666667,75.0,7.0,2020,2865.0
Argentina,2020-07-31,9,1,91.87387096774194,75.0,9.0,2020,2865.0
Argentina,2020-08-31,5,1,88.25935483870968,75.0,6.0,2020,2865.0
Argentina,2020-09-30,3,0,87.96,75.0,6.0,2020,2865.0
Argentina,2020-10-31,4,2,83.95870967741935,75.0,8.0,2020,2865.0
Argentina,2020-11-30,5,0,79.63166666666666,75.0,8.0,2020,2865.0
Argentina,2020-12-31,4,1,79.17,75.0,5.0,2020,2865.0
Argentina,2021-01-31,5,1,79.17,75.0,2.0,2021,2955.0
Argentina,2021-02-28,7,1,78.43928571428572,50.0,3.0,2021,2955.0
Argentina,2021-03-31,7,0,72.69935483870968,50.0,4.0,2021,2955.0
Argentina,2021-04-30,6,0,71.76,50.0,7.0,2021,2955.0
Argentina,2021-05-31,11,0,82.15354838709678,50.0,3.0,2021,2955.0
Argentina,2021-06-30,5,0,77.80933333333334,50.0,7.0,2021,2955.0
Argentina,2021-07-31,5,0,74.8367741935484,50.0,4.0,2021,2955.0
Argentina,2021-08-31,3,0,74.47419354838709,50.0,13.0,2021,2955.0
Argentina,2021-09-30,2,1,73.77566666666667,50.0,9.0,2021,2955.0
Argentina,2021-10-31,2,0,40.75032258064516,33.87096774193548,9.0,2021,2955.0
Argentina,2021-11-30,12,2,39.918,11.666666666666666,13.0,2021,2955.0
Argentina,2021-12-31,4,1,37.29548387096774,12.903225806451612,7.0,2021,2955.0
Argentina,2022-03-31,2,0,21.971612903225807,50.0,4.0,2022,2598.0
Argentina,2022-04-30,1,0,19.265,50.0,5.0,2022,2598.0
Argentina,2022-05-31,6,0,19.037419354838708,50.0,3.0,2022,2598.0
Argentina,2022-06-30,2,1,18.990333333333336,50.0,6.0,2022,2598.0
Argentina,2022-07-31,4,2,18.968064516129033,50.0,6.0,2022,2598.0
Argentina,2022-08-31,1,0,17.108709677419355,12.903225806451612,2.0,2022,2598.0
Argentina,2022-09-30,3,0,14.401666666666667,0.0,3.0,2022,2598.0
Argentina,2022-10-31,1,1,14.392903225806451,0.0,8.0,2022,2598.0
Argentina,2022-11-30,5,1,14.389333333333333,0.0,10.0,2022,2598.0
Argentina,2022-12-31,3,1,14.38,0.0,9.0,2022,2598.0
Aruba,2021-12-31,1,0,34.26,21.370967741935484,0.0,2021,9.0
Australia,2021-01-31,2,0,60.675161290322585,50.0,2.0,2021,708.0
Australia,2021-02-28,2,0,62.46642857142857,50.0,0.0,2021,708.0
Australia,2021-03-31,3,0,50.910000000000004,45.96774193548387,0.0,2021,708.0
Australia,2021-05-31,6,0,46.42935483870968,0.0,1.0,2021,708.0
Australia,2021-06-30,4,0,62.5,0.0,0.0,2021,708.0
Australia,2021-07-31,2,0,68.06,0.0,2.0,2021,708.0
Australia,2021-08-31,26,0,70.44709677419355,0.0,1.0,2021,708.0
Australia,2021-09-30,6,0,71.76,0.0,0.0,2021,708.0
Australia,2021-10-31,14,0,70.50741935483872,0.0,1.0,2021,708.0
Australia,2021-11-30,6,0,66.30933333333333,0.0,0.0,2021,708.0
Australia,2021-12-31,1,0,58.5816129032258,0.0,0.0,2021,708.0
Australia,2022-01-31,4,0,51.68709677419355,0.0,0.0,2022,805.0
Australia,2022-02-28,6,0,40.87107142857143,0.0,1.0,2022,805.0
Australia,2022-03-31,8,0,37.82419354838709,0.0,1.0,2022,805.0
Australia,2022-04-30,5,0,42.30566666666667,0.0,0.0,2022,805.0
Australia,2022-05-31,4,0,32.92322580645161,0.0,0.0,2022,805.0
Australia,2022-06-30,2,0,19.222,0.0,1.0,2022,805.0
Australia,2022-07-31,3,0,11.790645161290323,0.0,0.0,2022,805.0
Australia,2022-08-31,3,0,11.11,0.0,0.0,2022,805.0
Australia,2022-09-30,1,0,11.109999999999998,0.0,0.0,2022,805.0
Australia,2022-10-31,8,0,11.11,0.0,1.0,2022,805.0
Australia,2022-11-30,4,0,11.109999999999998,0.0,0.0,2022,805.0
Australia,2022-12-31,3,0,11.11,0.0,1.0,2022,805.0
Austria,2020-01-31,2,0,0.0,0.0,1.0,2020,348.0
Austria,2020-03-31,2,0,52.92612903225807,41.53225806451613,2.0,2020,348.0
Austria,2020-04-30,1,0,78.64200000000001,87.5,0.0,2020,348.0
Austria,2020-07-31,1,0,39.03709677419355,87.5,1.0,2020,348.0
Austria,2020-08-31,1,0,37.96,87.5,1.0,2020,348.0
Austria,2020-09-30,3,0,37.099000000000004,87.5,0.0,2020,348.0
Austria,2020-10-31,3,0,51.16548387096775,89.51612903225806,0.0,2020,348.0
Austria,2020-12-31,2,0,75.60064516129032,100.0,0.0,2020,348.0
Austria,2021-01-31,12,0,82.41,100.0,0.0,2021,583.0
Austria,2021-02-28,4,0,77.68071428571429,100.0,0.0,2021,583.0
Austria,2021-03-31,3,0,74.40548387096774,100.0,0.0,2021,583.0
Austria,2021-04-30,1,0,77.775,100.0,0.0,2021,583.0
Austria,2021-05-31,7,0,70.0783870967742,100.0,0.0,2021,583.0
Austria,2021-06-30,1,0,58.129666666666665,100.0,0.0,2021,583.0
Austria,2021-07-31,1,0,49.03806451612903,100.0,2.0,2021,583.0
Austria,2021-09-30,1,0,51.198,100.0,1.0,2021,583.0
Austria,2021-11-30,3,0,48.99366666666666,100.0,1.0,2021,583.0
Austria,2021-12-31,2,0,49.76,100.0,0.0,2021,583.0
Austria,2022-01-31,7,0,54.35258064516129,100.0,1.0,2022,306.0
Austria,2022-02-28,2,0,50.365,100.0,0.0,2022,306.0
Austria,2022-03-31,2,0,38.817741935483866,100.0,0.0,2022,306.0
Austria,2022-04-30,3,0,39.35,100.0,0.0,2022,306.0
Austria,2022-07-31,1,0,35.19,100.0,0.0,2022,306.0
Austria,2022-08-31,1,0,35.19,100.0,1.0,2022,306.0
Austria,2022-09-30,1,0,35.18999999999999,100.0,0.0,2022,306.0
Austria,2022-10-31,1,0,35.19,100.0,2.0,2022,306.0
Austria,2022-11-30,1,0,35.18999999999999,100.0,0.0,2022,306.0
Austria,2022-12-31,2,0,35.19,100.0,0.0,2022,306.0
Azerbaijan,2020-01-31,3,0,0.17935483870967742,0.0,330.0,2020,77.0
Azerbaijan,2020-02-29,9,0,4.120689655172414,0.0,366.0,2020,77.0
Azerbaijan,2020-03-31,4,0,49.762258064516125,0.0,353.0,2020,77.0
Azerbaijan,2020-04-30,3,0,89.78533333333333,38.333333333333336,292.0,2020,77.0
Azerbaijan,2020-05-31,3,0,81.66290322580646,50.0,292.0,2020,77.0
Azerbaijan,2020-06-30,5,0,85.434,50.0,305.0,2020,77.0
Azerbaijan,2020-07-31,1,0,95.94129032258064,50.0,537.0,2020,77.0
Azerbaijan,2020-08-31,2,0,87.6083870967742,50.0,435.0,2020,77.0
Azerbaijan,2020-09-30,11,10,77.19233333333334,50.0,337.0,2020,77.0
Azerbaijan,2020-10-31,70,93,66.76935483870967,50.0,559.0,2020,77.0
Azerbaijan,2020-11-30,10,8,66.018,50.0,249.0,2020,77.0
Azerbaijan,2020-12-31,1,1,79.13741935483871,17.338709677419356,8.0,2020,77.0
Azerbaijan,2021-01-31,2,1,79.53774193548388,12.5,10.0,2021,117.0
Azerbaijan,2021-02-28,3,0,64.42,45.982142857142854,8.0,2021,117.0
Azerbaijan,2021-03-31,3,0,66.33935483870968,45.96774193548387,4.0,2021,117.0
Azerbaijan,2021-04-30,4,0,75.55866666666667,10.833333333333334,15.0,2021,117.0
Azerbaijan,2021-05-31,6,0,74.70387096774193,6.451612903225806,8.0,2021,117.0
Azerbaijan,2021-06-30,1,0,63.265,23.333333333333332,8.0,2021,117.0
Azerbaijan,2021-07-31,4,0,59.27,0.0,19.0,2021,117.0
Azerbaijan,2021-08-31,4,0,58.82741935483871,0.0,80.0,2021,117.0
Azerbaijan,2021-09-30,4,0,59.56433333333334,0.0,13.0,2021,117.0
Azerbaijan,2021-10-31,5,1,63.06612903225806,0.0,8.0,2021,117.0
Azerbaijan,2021-11-30,3,1,60.76266666666667,0.0,22.0,2021,117.0
Azerbaijan,2021-12-31,10,1,60.07,0.0,14.0,2021,117.0
Azerbaijan,2022-01-31,1,0,62.192903225806454,62.903225806451616,18.0,2022,121.0
Azerbaijan,2022-02-28,7,1,61.970000000000006,58.92857142857143,22.0,2022,121.0
Azerbaijan,2022-03-31,1,0,56.520645161290325,0.0,49.0,2022,121.0
Azerbaijan,2022-04-30,1,0,55.36266666666667,0.0,12.0,2022,121.0
Azerbaijan,2022-05-31,2,0,55.31612903225806,0.0,20.0,2022,121.0
Azerbaijan,2022-06-30,1,0,52.44866666666667,0.0,14.0,2022,121.0
Azerbaijan,2022-07-31,1,0,46.75677419354839,0.0,24.0,2022,121.0
Azerbaijan,2022-09-30,2,0,46.73,0.0,51.0,2022,121.0
Azerbaijan,2022-10-31,4,0,35.320322580645154,0.0,44.0,2022,121.0
Azerbaijan,2022-11-30,10,0,34.93999999999999,0.0,78.0,2022,121.0
Azerbaijan,2022-12-31,2,0,34.94,0.0,22.0,2022,121.0
Bahamas,2020-01-31,1,0,2.3309677419354835,0.0,2.0,2020,6.0
Bahamas,2020-08-31,1,0,82.10645161290323,25.0,0.0,2020,6.0
Bahamas,2020-10-31,1,0,71.99870967741936,25.0,0.0,2020,6.0
Bahamas,2021-11-30,1,1,53.595000000000006,0.0,1.0,2021,14.0
Bahamas,2022-10-31,1,0,20.37,0.0,1.0,2022,3.0
Bahrain,2020-06-30,1,0,75.0,87.5,1.0,2020,280.0
Bahrain,2020-07-31,1,0,70.51612903225806,87.5,2.0,2020,280.0
Bahrain,2020-08-31,1,0,66.75451612903225,87.5,1.0,2020,280.0
Bahrain,2020-09-30,1,0,61.29966666666667,87.5,1.0,2020,280.0
Bahrain,2020-10-31,3,0,59.83129032258064,87.5,2.0,2020,280.0
Bahrain,2020-11-30,1,0,54.63,87.5,0.0,2020,280.0
Bahrain,2021-01-31,1,0,51.16870967741936,87.5,0.0,2021,1141.0
Bahrain,2021-02-28,3,0,57.04392857142857,87.5,3.0,2021,1141.0
Bahrain,2021-03-31,2,0,56.24225806451613,87.5,2.0,2021,1141.0
Bahrain,2021-04-30,3,0,55.83133333333333,87.5,2.0,2021,1141.0
Bahrain,2021-06-30,1,0,66.67,87.5,1.0,2021,1141.0
Bahrain,2021-07-31,1,0,44.35516129032258,73.79032258064517,1.0,2021,1141.0
Bahrain,2021-08-31,1,0,44.51741935483871,62.5,1.0,2021,1141.0
Bahrain,2021-09-30,1,0,24.458666666666666,25.0,2.0,2021,1141.0
Bahrain,2021-10-31,7,0,23.62516129032258,25.0,3.0,2021,1141.0
Bahrain,2021-11-30,5,0,23.73,25.0,5.0,2021,1141.0
Bahrain,2021-12-31,1,0,26.85741935483871,25.0,0.0,2021,1141.0
Bahrain,2022-01-31,2,0,33.1841935483871,0.0,1.0,2022,686.0
Bahrain,2022-02-28,2,0,24.835,0.0,0.0,2022,686.0
Bahrain,2022-04-30,1,0,11.109999999999998,0.0,1.0,2022,686.0
Bahrain,2022-05-31,1,0,11.11,0.0,1.0,2022,686.0
Bahrain,2022-07-31,1,0,11.11,0.0,0.0,2022,686.0
Bahrain,2022-08-31,2,0,11.11,0.0,1.0,2022,686.0
Bahrain,2022-09-30,2,0,11.109999999999998,0.0,1.0,2022,686.0
Bahrain,2022-10-31,2,0,11.11,0.0,2.0,2022,686.0
Bahrain,2022-11-30,5,0,11.109999999999998,0.0,1.0,2022,686.0
Bahrain,2022-12-31,1,0,11.11,0.0,1.0,2022,686.0
Bangladesh,2020-01-31,1,0,3.583870967741935,0.0,59.0,2020,1028.0
Bangladesh,2020-02-29,3,0,13.89,0.0,58.0,2020,1028.0
Bangladesh,2020-03-31,6,3,44.41516129032259,10.483870967741936,36.0,2020,1028.0
Bangladesh,2020-04-30,4,1,91.48333333333333,62.5,33.0,2020,1028.0
Bangladesh,2020-05-31,2,1,90.61935483870967,60.483870967741936,27.0,2020,1028.0
Bangladesh,2020-06-30,6,1,68.75,50.0,37.0,2020,1028.0
Bangladesh,2020-07-31,3,1,77.40451612903226,50.0,29.0,2020,1028.0
Bangladesh,2020-08-31,1,0,80.09,50.0,37.0,2020,1028.0
Bangladesh,2020-09-30,2,2,80.09,50.0,48.0,2020,1028.0
Bangladesh,2020-10-31,7,2,80.09,50.0,55.0,2020,1028.0
Bangladesh,2020-11-30,5,0,80.09,50.0,31.0,2020,1028.0
Bangladesh,2020-12-31,4,0,80.09,50.0,30.0,2020,1028.0
Bangladesh,2021-01-31,3,1,80.27,50.0,51.0,2021,1738.0
Bangladesh,2021-02-28,6,0,81.02,50.0,50.0,2021,1738.0
Bangladesh,2021-03-31,10,0,81.1690322580645,50.0,73.0,2021,1738.0
Bangladesh,2021-04-30,8,0,83.51533333333333,50.0,82.0,2021,1738.0
Bangladesh,2021-06-30,3,0,78.702,0.0,41.0,2021,1738.0
Bangladesh,2021-07-31,2,0,74.58258064516129,0.0,38.0,2021,1738.0
Bangladesh,2021-08-31,1,0,61.98,9.67741935483871,42.0,2021,1738.0
Bangladesh,2021-09-30,4,1,42.527,50.0,49.0,2021,1738.0
Bangladesh,2021-10-31,3,0,38.80548387096774,50.0,77.0,2021,1738.0
Bangladesh,2021-11-30,8,1,37.04,50.0,148.0,2021,1738.0
Bangladesh,2021-12-31,4,1,30.765806451612903,50.0,99.0,2021,1738.0
Bangladesh,2022-01-31,5,1,49.5816129032258,4.838709677419355,92.0,2022,1410.0
Bangladesh,2022-02-28,4,0,50.92178571428571,0.0,59.0,2022,1410.0
Bangladesh,2022-03-31,12,1,14.697096774193549,0.0,60.0,2022,1410.0
Bangladesh,2022-04-30,5,2,13.890000000000002,0.0,59.0,2022,1410.0
Bangladesh,2022-05-31,11,0,13.89,0.0,59.0,2022,1410.0
Bangladesh,2022-06-30,6,0,13.890000000000002,0.0,54.0,2022,1410.0
Bangladesh,2022-07-31,4,1,13.89,0.0,64.0,2022,1410.0
Bangladesh,2022-08-31,5,0,13.89,0.0,64.0,2022,1410.0
Bangladesh,2022-09-30,8,0,13.890000000000002,0.0,91.0,2022,1410.0
Bangladesh,2022-10-31,1,0,13.89,0.0,90.0,2022,1410.0
Bangladesh,2022-11-30,5,2,13.890000000000002,0.0,100.0,2022,1410.0
Bangladesh,2022-12-31,6,0,13.89,0.0,80.0,2022,1410.0
Barbados,2020-06-30,1,0,71.42066666666666,37.5,0.0,2020,7.0
Belarus,2020-04-30,1,0,28.578666666666667,0.0,0.0,2020,1758.0
Belarus,2020-05-31,7,0,31.48,0.0,0.0,2020,1758.0
Belarus,2020-06-30,17,0,31.48,0.0,1.0,2020,1758.0
Belarus,2020-07-31,12,0,31.48,0.0,0.0,2020,1758.0
Belarus,2020-08-31,83,3,31.48,0.0,47.0,2020,1758.0
Belarus,2020-09-30,82,1,31.48,0.0,15.0,2020,1758.0
Belarus,2020-10-31,55,0,32.01806451612904,0.0,8.0,2020,1758.0
Belarus,2020-11-30,44,0,37.04,0.0,9.0,2020,1758.0
Belarus,2020-12-31,16,0,38.47225806451613,0.0,1.0,2020,1758.0
Belarus,2021-01-31,18,0,42.59,0.0,3.0,2021,1393.0
Belarus,2021-02-28,6,0,42.589999999999996,0.0,1.0,2021,1393.0
Belarus,2021-03-31,10,0,42.59,0.0,3.0,2021,1393.0
Belarus,2021-04-30,2,0,42.59,0.0,0.0,2021,1393.0
Belarus,2021-05-31,3,0,42.800000000000004,0.0,2.0,2021,1393.0
Belarus,2021-07-31,2,0,37.244516129032256,0.0,2.0,2021,1393.0
Belarus,2021-08-31,3,0,39.72354838709678,1.6129032258064515,3.0,2021,1393.0
Belarus,2021-09-30,4,0,19.44,33.333333333333336,5.0,2021,1393.0
Belarus,2021-10-31,4,1,19.44,0.0,4.0,2021,1393.0
Belarus,2021-11-30,6,0,19.44,0.0,9.0,2021,1393.0
Belarus,2021-12-31,7,1,19.44,0.0,7.0,2021,1393.0
Belarus,2022-01-31,2,0,22.192580645161293,0.0,3.0,2022,82.0
Belarus,2022-02-28,20,0,22.554285714285715,0.0,9.0,2022,82.0
Belarus,2022-03-31,9,1,15.560967741935483,0.0,10.0,2022,82.0
Belarus,2022-04-30,4,0,13.890000000000002,0.0,6.0,2022,82.0
Belarus,2022-05-31,4,0,13.89,0.0,5.0,2022,82.0
Belarus,2022-06-30,4,0,11.758666666666667,0.0,4.0,2022,82.0
Belarus,2022-07-31,1,0,11.11,0.0,1.0,2022,82.0
Belarus,2022-08-31,2,0,5.739032258064516,0.0,3.0,2022,82.0
Belarus,2022-09-30,3,0,5.56,0.0,3.0,2022,82.0
Belarus,2022-10-31,1,0,5.56,0.0,1.0,2022,82.0
Belarus,2022-11-30,6,0,3.892,0.0,6.0,2022,82.0
Belarus,2022-12-31,2,0,0.0,0.0,2.0,2022,82.0
Belgium,2020-01-31,2,0,0.8964516129032257,0.0,0.0,2020,793.0
Belgium,2020-02-29,1,0,11.11,0.0,0.0,2020,793.0
Belgium,2020-03-31,1,0,49.223225806451616,53.225806451612904,1.0,2020,793.0
Belgium,2020-04-30,1,0,81.48,87.5,4.0,2020,793.0
Belgium,2020-05-31,3,0,76.55225806451612,87.5,1.0,2020,793.0
Belgium,2020-06-30,2,0,57.06666666666667,87.5,2.0,2020,793.0
Belgium,2020-07-31,3,0,53.01483870967742,76.20967741935483,4.0,2020,793.0
Belgium,2020-09-30,9,0,52.59466666666667,62.5,0.0,2020,793.0
Belgium,2020-10-31,5,0,50.50645161290323,63.70967741935484,0.0,2020,793.0
Belgium,2020-12-31,1,0,60.19,75.0,0.0,2020,793.0
Belgium,2021-01-31,4,0,60.63677419354839,75.0,0.0,2021,845.0
Belgium,2021-02-28,1,0,62.96,75.0,0.0,2021,845.0
Belgium,2021-03-31,3,0,63.67709677419355,75.0,2.0,2021,845.0
Belgium,2021-04-30,4,0,69.26333333333334,75.0,1.0,2021,845.0
Belgium,2021-05-31,2,0,51.76548387096774,75.0,0.0,2021,845.0
Belgium,2021-06-30,2,0,50.93,75.0,0.0,2021,845.0
Belgium,2021-09-30,1,0,43.06000000000001,75.0,0.0,2021,845.0
Belgium,2021-11-30,1,0,34.231,75.0,0.0,2021,845.0
Belgium,2021-12-31,1,0,36.009032258064515,75.0,1.0,2021,845.0
Belgium,2022-01-31,1,0,32.175161290322585,0.0,0.0,2022,530.0
Belgium,2022-02-28,1,0,29.923928571428572,0.0,1.0,2022,530.0
Belgium,2022-03-31,3,0,19.630967741935486,0.0,0.0,2022,530.0
Belgium,2022-10-31,1,0,11.11,0.0,1.0,2022,530.0
Belgium,2022-12-31,2,0,11.11,0.0,7.0,2022,530.0
Belize,2020-02-29,3,2,5.364137931034483,0.0,19.0,2020,25.0
Belize,2020-04-30,6,2,75.24666666666667,25.0,9.0,2020,25.0
Belize,2020-05-31,4,0,81.42354838709677,25.0,10.0,2020,25.0
Belize,2020-06-30,1,1,74.07666666666667,25.0,5.0,2020,25.0
Belize,2020-07-31,3,0,69.44,54.03225806451613,11.0,2020,25.0
Belize,2020-09-30,2,0,72.68299999999999,62.916666666666664,12.0,2020,25.0
Belize,2020-10-31,2,0,68.2783870967742,62.5,13.0,2020,25.0
Belize,2021-01-31,6,0,75.03290322580645,62.5,12.0,2021,76.0
Belize,2021-02-28,1,0,73.15,62.5,5.0,2021,76.0
Belize,2021-03-31,1,0,73.15,62.5,12.0,2021,76.0
Belize,2021-05-31,1,0,60.85677419354838,75.0,18.0,2021,76.0
Belize,2021-07-31,1,1,56.63903225806452,75.0,14.0,2021,76.0
Belize,2021-08-31,1,0,55.668064516129036,70.16129032258064,11.0,2021,76.0
Belize,2021-09-30,1,0,49.986,33.333333333333336,11.0,2021,76.0
Belize,2021-10-31,1,0,61.65096774193549,0.0,11.0,2021,76.0
Belize,2021-11-30,1,0,61.37966666666667,0.0,10.0,2021,76.0
Belize,2022-01-31,1,0,71.66032258064516,0.0,10.0,2022,26.0
Belize,2022-04-30,1,1,13.890000000000002,0.0,3.0,2022,26.0
Belize,2022-11-30,1,1,11.109999999999998,0.0,7.0,2022,26.0
Belize,2022-12-31,1,1,11.11,0.0,9.0,2022,26.0
Benin,2020-04-30,1,0,70.83,0.0,10.0,2020,36.0
Benin,2020-06-30,2,1,42.19466666666667,50.416666666666664,24.0,2020,36.0
Benin,2020-11-30,1,1,38.27066666666667,62.5,2.0,2020,36.0
Benin,2020-12-31,1,0,37.696451612903225,62.5,4.0,2020,36.0
Benin,2021-04-30,3,2,39.22633333333333,75.0,13.0,2021,47.0
Benin,2021-11-30,1,0,50.0,50.0,6.0,2021,47.0
Benin,2021-12-31,1,1,50.0,50.0,11.0,2021,47.0
Benin,2022-02-28,3,0,47.176071428571426,50.0,10.0,2022,8.0
Benin,2022-04-30,1,2,19.44,50.0,7.0,2022,8.0
Benin,2022-06-30,2,5,15.275,0.0,12.0,2022,8.0
Benin,2022-07-31,5,7,8.24548387096774,0.0,32.0,2022,8.0
Benin,2022-08-31,1,0,5.56,0.0,7.0,2022,8.0
Benin,2022-10-31,2,2,5.56,0.0,24.0,2022,8.0
Benin,2022-11-30,3,5,5.56,0.0,21.0,2022,8.0
Benin,2022-12-31,2,1,7.887419354838709,0.0,12.0,2022,8.0
Bhutan,2020-04-30,1,0,83.33,52.5,1.0,2020,1.0
Bhutan,2021-02-28,1,0,43.06,75.0,1.0,2021,1.0
Bolivia,2020-02-29,1,0,0.0,0.0,1.0,2020,726.0
Bolivia,2020-03-31,1,0,49.85129032258064,1.6129032258064515,2.0,2020,726.0
Bolivia,2020-04-30,2,0,96.3,50.0,3.0,2020,726.0
Bolivia,2020-05-31,1,0,95.67225806451611,50.0,4.0,2020,726.0
Bolivia,2020-07-31,2,0,89.81,25.0,2.0,2020,726.0
Bolivia,2020-08-31,1,0,89.81,25.0,5.0,2020,726.0
Bolivia,2020-09-30,3,0,81.48,25.0,10.0,2020,726.0
Bolivia,2020-10-31,4,0,81.48,25.0,6.0,2020,726.0
Bolivia,2020-11-30,2,0,82.49933333333334,25.0,10.0,2020,726.0
Bolivia,2021-01-31,1,0,33.42709677419355,50.0,3.0,2021,948.0
Bolivia,2021-02-28,1,0,25.0,52.67857142857143,3.0,2021,948.0
Bolivia,2021-03-31,6,0,25.0,75.0,4.0,2021,948.0
Bolivia,2021-04-30,3,0,27.409333333333333,75.0,4.0,2021,948.0
Bolivia,2021-07-31,3,0,45.37032258064516,75.0,6.0,2021,948.0
Bolivia,2021-08-31,1,0,53.494193548387095,75.0,7.0,2021,948.0
Bolivia,2021-09-30,2,0,42.22366666666667,52.5,8.0,2021,948.0
Bolivia,2021-11-30,3,0,29.372333333333334,25.0,6.0,2021,948.0
Bolivia,2022-01-31,1,0,28.50709677419355,0.0,3.0,2022,1133.0
Bolivia,2022-02-28,1,0,28.3875,0.0,0.0,2022,1133.0
Bolivia,2022-03-31,3,0,28.330000000000002,0.0,5.0,2022,1133.0
Bolivia,2022-04-30,1,0,27.824666666666666,0.0,9.0,2022,1133.0
Bolivia,2022-05-31,1,0,24.07,0.0,7.0,2022,1133.0
Bolivia,2022-06-30,1,0,25.46,0.0,9.0,2022,1133.0
Bolivia,2022-08-31,2,0,24.10322580645161,0.0,4.0,2022,1133.0
Bolivia,2022-09-30,2,0,23.7,0.0,5.0,2022,1133.0
Bolivia,2022-10-31,2,0,24.07,0.0,5.0,2022,1133.0
Bolivia,2022-11-30,2,0,24.07,0.0,0.0,2022,1133.0
Bolivia,2022-12-31,1,0,24.07,0.0,7.0,2022,1133.0
Botswana,2020-06-30,1,0,59.57033333333333,62.5,1.0,2020,2.0
Botswana,2020-07-31,1,0,57.111290322580636,62.5,1.0,2020,2.0
Botswana,2020-09-30,1,0,57.037,45.833333333333336,3.0,2020,2.0
Botswana,2020-11-30,1,4,52.90333333333333,0.0,1.0,2020,2.0
Botswana,2020-12-31,1,0,50.68645161290323,0.0,1.0,2020,2.0
Botswana,2021-04-30,2,0,62.04,0.0,2.0,2021,5.0
Botswana,2021-09-30,3,0,61.20366666666666,5.833333333333333,1.0,2021,5.0
Brazil,2020-01-31,21,4,0.5380645161290323,0.0,885.0,2020,2783.0
Brazil,2020-02-29,22,3,5.56,0.0,662.0,2020,2783.0
Brazil,2020-03-31,13,2,43.99645161290323,12.096774193548388,724.0,2020,2783.0
Brazil,2020-04-30,16,7,75.00166666666668,49.166666666666664,738.0,2020,2783.0
Brazil,2020-05-31,21,8,80.54129032258064,50.0,611.0,2020,2783.0
Brazil,2020-06-30,24,3,77.31,50.0,555.0,2020,2783.0
Brazil,2020-07-31,22,3,79.97451612903225,50.0,590.0,2020,2783.0
Brazil,2020-08-31,17,7,72.00096774193547,50.0,611.0,2020,2783.0
Brazil,2020-09-30,22,4,69.16866666666667,38.333333333333336,630.0,2020,2783.0
Brazil,2020-10-31,14,7,62.65129032258065,50.0,704.0,2020,2783.0
Brazil,2020-11-30,20,8,57.962666666666664,50.0,642.0,2020,2783.0
Brazil,2020-12-31,15,6,63.604838709677416,43.54838709677419,638.0,2020,2783.0
Brazil,2021-01-31,18,8,68.11645161290323,0.0,719.0,2021,4381.0
Brazil,2021-02-28,17,6,71.66071428571429,0.0,576.0,2021,4381.0
Brazil,2021-03-31,16,8,68.92032258064515,5.645161290322581,661.0,2021,4381.0
Brazil,2021-04-30,8,8,66.85066666666667,12.5,651.0,2021,4381.0
Brazil,2021-05-31,23,8,60.10903225806451,12.5,685.0,2021,4381.0
Brazil,2021-06-30,12,15,61.76,12.5,665.0,2021,4381.0
Brazil,2021-07-31,19,6,57.65806451612903,12.5,657.0,2021,4381.0
Brazil,2021-08-31,18,8,51.748064516129034,12.5,676.0,2021,4381.0
Brazil,2021-09-30,23,14,56.39666666666667,25.0,719.0,2021,4381.0
Brazil,2021-10-31,17,6,51.0541935483871,25.0,768.0,2021,4381.0
Brazil,2021-11-30,19,10,45.425333333333334,0.0,731.0,2021,4381.0
Brazil,2021-12-31,11,4,57.87645161290323,0.0,680.0,2021,4381.0
Brazil,2022-01-31,12,13,41.1741935483871,0.0,725.0,2022,4290.0
Brazil,2022-02-28,15,4,36.67607142857143,0.0,636.0,2022,4290.0
Brazil,2022-03-31,20,10,34.76064516129032,0.0,731.0,2022,4290.0
Brazil,2022-04-30,17,7,31.147,0.0,777.0,2022,4290.0
Brazil,2022-05-31,17,13,29.24774193548387,0.0,905.0,2022,4290.0
Brazil,2022-06-30,18,10,28.104333333333333,0.0,816.0,2022,4290.0
Brazil,2022-07-31,10,6,26.976774193548387,0.0,937.0,2022,4290.0
Brazil,2022-08-31,16,5,23.99741935483871,0.0,975.0,2022,4290.0
Brazil,2022-09-30,22,6,22.219999999999995,0.0,887.0,2022,4290.0
Brazil,2022-10-31,30,10,22.22,0.0,900.0,2022,4290.0
Brazil,2022-11-30,43,4,22.219999999999995,0.0,885.0,2022,4290.0
Brazil,2022-12-31,14,6,22.22,0.0,789.0,2022,4290.0
Bulgaria,2020-03-31,1,0,48.807096774193546,2.4193548387096775,1.0,2020,894.0
Bulgaria,2020-04-30,3,0,72.28666666666666,72.5,1.0,2020,894.0
Bulgaria,2020-05-31,1,0,61.23096774193549,87.5,0.0,2020,894.0
Bulgaria,2020-07-31,1,0,42.296451612903226,62.5,2.0,2020,894.0
Bulgaria,2020-08-31,7,0,39.15903225806452,62.5,2.0,2020,894.0
Bulgaria,2020-09-30,4,0,36.916666666666664,62.5,1.0,2020,894.0
Bulgaria,2020-11-30,2,0,49.260999999999996,62.5,2.0,2020,894.0
Bulgaria,2021-11-30,1,0,49.102333333333334,87.5,0.0,2021,490.0
Bulgaria,2022-02-28,1,0,43.909285714285716,87.5,0.0,2022,606.0
Burkina Faso,2020-01-31,2,25,0.0,0.0,64.0,2020,86.0
Burkina Faso,2020-02-29,5,9,0.0,0.0,56.0,2020,86.0
Burkina Faso,2020-03-31,11,121,40.380645161290325,0.0,61.0,2020,86.0
Burkina Faso,2020-04-30,6,61,89.81,0.0,59.0,2020,86.0
Burkina Faso,2020-05-31,11,47,66.16032258064516,0.0,83.0,2020,86.0
Burkina Faso,2020-06-30,6,19,37.59533333333333,0.0,47.0,2020,86.0
Burkina Faso,2020-07-31,3,2,25.93,0.0,58.0,2020,86.0
Burkina Faso,2020-08-31,3,1,25.93,0.0,54.0,2020,86.0
Burkina Faso,2020-09-30,9,54,23.333000000000002,0.0,66.0,2020,86.0
Burkina Faso,2020-10-31,4,21,22.22,0.0,48.0,2020,86.0
Burkina Faso,2020-11-30,4,13,22.219999999999995,0.0,39.0,2020,86.0
Burkina Faso,2020-12-31,4,4,22.22,0.0,31.0,2020,86.0
Burkina Faso,2021-01-31,3,7,22.22,0.0,62.0,2021,183.0
Burkina Faso,2021-02-28,2,8,22.22,24.107142857142858,52.0,2021,183.0
Burkina Faso,2021-03-31,1,5,19.533870967741933,66.12903225806451,49.0,2021,183.0
Burkina Faso,2021-04-30,5,11,29.633333333333333,48.333333333333336,89.0,2021,183.0
Burkina Faso,2021-05-31,7,2,25.0,3.225806451612903,130.0,2021,183.0
Burkina Faso,2021-06-30,5,7,23.980666666666664,50.0,129.0,2021,183.0
Burkina Faso,2021-07-31,8,5,22.22,50.0,129.0,2021,183.0
Burkina Faso,2021-08-31,1,1,15.770967741935483,35.483870967741936,124.0,2021,183.0
Burkina Faso,2021-09-30,2,8,13.890000000000002,0.0,104.0,2021,183.0
Burkina Faso,2021-10-31,6,1,13.89,0.0,203.0,2021,183.0
Burkina Faso,2021-11-30,6,21,13.890000000000002,0.0,103.0,2021,183.0
Burkina Faso,2021-12-31,5,17,13.89,0.0,165.0,2021,183.0
Burkina Faso,2022-01-31,4,4,10.544193548387097,0.0,162.0,2022,165.0
Burkina Faso,2022-02-28,7,58,14.022142857142857,0.0,191.0,2022,165.0
Burkina Faso,2022-03-31,2,0,13.89,0.0,158.0,2022,165.0
Burkina Faso,2022-04-30,16,125,13.890000000000002,0.0,120.0,2022,165.0
Burkina Faso,2022-05-31,5,9,13.89,0.0,147.0,2022,165.0
Burkina Faso,2022-06-30,7,19,9.442,0.0,135.0,2022,165.0
Burkina Faso,2022-07-31,5,2,8.33,0.0,161.0,2022,165.0
Burkina Faso,2022-08-31,6,99,8.33,0.0,132.0,2022,165.0
Burkina Faso,2022-09-30,7,9,8.33,0.0,98.0,2022,165.0
Burkina Faso,2022-10-31,4,3,8.33,0.0,110.0,2022,165.0
Burkina Faso,2022-11-30,14,57,8.33,0.0,118.0,2022,165.0
Burkina Faso,2022-12-31,20,67,8.33,0.0,120.0,2022,165.0
Burundi,2020-01-31,7,1,0.0,0.0,42.0,2020,9.0
Burundi,2020-02-29,8,12,5.56,0.0,40.0,2020,9.0
Burundi,2020-03-31,5,2,11.290645161290323,0.0,54.0,2020,9.0
Burundi,2020-04-30,6,3,13.890000000000002,0.0,68.0,2020,9.0
Burundi,2020-05-31,3,1,13.89,0.0,67.0,2020,9.0
Burundi,2020-06-30,9,2,13.890000000000002,0.0,37.0,2020,9.0
Burundi,2020-07-31,5,1,13.89,0.0,29.0,2020,9.0
Burundi,2020-08-31,4,2,11.11,0.0,45.0,2020,9.0
Burundi,2020-09-30,17,5,14.07,0.0,70.0,2020,9.0
Burundi,2020-10-31,7,6,14.81,12.096774193548388,34.0,2020,9.0
Burundi,2020-11-30,11,3,14.81,12.5,36.0,2020,9.0
Burundi,2021-01-31,10,3,14.978709677419356,18.548387096774192,38.0,2021,11.0
Burundi,2021-02-28,7,2,22.895714285714288,0.0,37.0,2021,11.0
Burundi,2021-03-31,4,0,16.605483870967742,0.0,28.0,2021,11.0
Burundi,2021-04-30,13,0,15.864,32.5,46.0,2021,11.0
Burundi,2021-05-31,12,2,15.74,37.5,47.0,2021,11.0
Burundi,2021-06-30,10,2,15.74,37.5,41.0,2021,11.0
Burundi,2021-07-31,29,3,15.74,37.5,66.0,2021,11.0
Burundi,2021-08-31,17,2,15.74,37.5,39.0,2021,11.0
Burundi,2021-09-30,28,1,15.493333333333334,37.5,62.0,2021,11.0
Burundi,2021-10-31,19,2,11.379032258064516,37.5,49.0,2021,11.0
Burundi,2021-11-30,22,1,14.724,37.5,61.0,2021,11.0
Burundi,2021-12-31,15,4,18.75774193548387,7.258064516129032,48.0,2021,11.0
Burundi,2022-01-31,10,1,21.568064516129034,28.225806451612904,39.0,2022,57.0
Burundi,2022-02-28,11,23,22.6875,9.375,32.0,2022,57.0
Burundi,2022-03-31,7,1,21.591290322580647,0.0,23.0,2022,57.0
Burundi,2022-04-30,10,4,19.44,0.0,40.0,2022,57.0
Burundi,2022-05-31,7,1,19.44,0.0,30.0,2022,57.0
Burundi,2022-06-30,6,3,19.44,0.0,31.0,2022,57.0
Burundi,2022-07-31,7,2,19.44,0.0,29.0,2022,57.0
Burundi,2022-08-31,6,2,19.44,0.0,27.0,2022,57.0
Burundi,2022-09-30,11,3,19.44,0.0,24.0,2022,57.0
Burundi,2022-10-31,7,1,19.44,0.0,25.0,2022,57.0
Burundi,2022-11-30,7,3,17.775,0.0,31.0,2022,57.0
Burundi,2022-12-31,7,3,16.038387096774194,0.0,35.0,2022,57.0
Cambodia,2020-04-30,1,1,68.79533333333332,0.0,1.0,2020,96.0
Cambodia,2020-05-31,2,1,65.74,13.306451612903226,2.0,2020,96.0
Cambodia,2020-06-30,3,0,49.07,37.5,1.0,2020,96.0
Cambodia,2020-07-31,9,0,47.637741935483874,37.5,3.0,2020,96.0
Cambodia,2020-08-31,4,0,53.85645161290322,37.5,2.0,2020,96.0
Cambodia,2020-09-30,4,0,46.852,37.5,2.0,2020,96.0
Cambodia,2020-10-31,2,0,45.37,37.5,2.0,2020,96.0
Cambodia,2020-11-30,2,0,49.91,37.5,4.0,2020,96.0
Cambodia,2020-12-31,2,0,67.74064516129032,37.5,3.0,2020,96.0
Cambodia,2021-01-31,2,0,57.947096774193554,12.5,1.0,2021,50.0
Cambodia,2021-02-28,2,0,58.20285714285715,12.5,2.0,2021,50.0
Cambodia,2021-04-30,1,1,79.62999999999998,12.5,2.0,2021,50.0
Cambodia,2021-05-31,1,1,83.8,12.5,2.0,2021,50.0
Cambodia,2021-06-30,2,0,83.8,12.5,1.0,2021,50.0
Cambodia,2021-09-30,2,0,79.50666666666667,12.5,0.0,2021,50.0
Cambodia,2021-10-31,1,0,74.84064516129033,9.67741935483871,0.0,2021,50.0
Cambodia,2021-12-31,1,0,43.37612903225807,0.0,0.0,2021,50.0
Cambodia,2022-01-31,1,0,34.91903225806452,0.0,0.0,2022,128.0
Cambodia,2022-03-31,10,0,27.324516129032258,0.0,0.0,2022,128.0
Cambodia,2022-04-30,9,0,25.069000000000003,0.0,2.0,2022,128.0
Cambodia,2022-05-31,9,0,15.150645161290322,0.0,1.0,2022,128.0
Cambodia,2022-06-30,6,0,15.339666666666664,4.583333333333333,0.0,2022,128.0
Cambodia,2022-07-31,6,0,17.718064516129033,16.129032258064516,1.0,2022,128.0
Cambodia,2022-08-31,1,0,17.769354838709678,12.5,0.0,2022,128.0
Cambodia,2022-09-30,2,0,20.37,12.5,0.0,2022,128.0
Cambodia,2022-11-30,2,0,14.81,12.5,0.0,2022,128.0
Cameroon,2020-01-31,32,81,0.0,0.0,118.0,2020,145.0
Cameroon,2020-02-29,33,90,0.0,0.0,116.0,2020,145.0
Cameroon,2020-03-31,13,33,26.37548387096774,0.0,94.0,2020,145.0
Cameroon,2020-04-30,19,28,68.61366666666666,0.0,74.0,2020,145.0
Cameroon,2020-05-31,11,8,63.89,0.0,68.0,2020,145.0
Cameroon,2020-06-30,11,16,60.18999999999999,37.5,91.0,2020,145.0
Cameroon,2020-07-31,12,22,60.19,37.5,110.0,2020,145.0
Cameroon,2020-08-31,13,18,59.74161290322581,27.016129032258064,90.0,2020,145.0
Cameroon,2020-09-30,26,42,55.342666666666666,25.0,93.0,2020,145.0
Cameroon,2020-10-31,15,14,44.95193548387097,25.0,92.0,2020,145.0
Cameroon,2020-11-30,16,19,42.129,19.166666666666668,101.0,2020,145.0
Cameroon,2020-12-31,21,25,22.52032258064516,0.0,125.0,2020,145.0
Cameroon,2021-01-31,27,29,30.40806451612903,0.0,164.0,2021,96.0
Cameroon,2021-02-28,20,17,32.41,0.0,156.0,2021,96.0
Cameroon,2021-03-31,14,50,35.19,0.0,127.0,2021,96.0
Cameroon,2021-04-30,6,8,35.18999999999999,0.0,91.0,2021,96.0
Cameroon,2021-05-31,20,29,33.51,0.0,110.0,2021,96.0
Cameroon,2021-06-30,9,27,33.33,0.0,80.0,2021,96.0
Cameroon,2021-07-31,10,11,30.226774193548387,0.0,74.0,2021,96.0
Cameroon,2021-08-31,12,22,27.181290322580644,0.0,78.0,2021,96.0
Cameroon,2021-09-30,12,15,23.979666666666667,0.0,91.0,2021,96.0
Cameroon,2021-10-31,8,12,40.145483870967745,0.0,79.0,2021,96.0
Cameroon,2021-11-30,12,12,26.388333333333332,0.0,69.0,2021,96.0
Cameroon,2021-12-31,6,15,27.062580645161287,0.0,54.0,2021,96.0
Cameroon,2022-01-31,7,12,30.56,0.0,76.0,2022,90.0
Cameroon,2022-02-28,3,2,24.305,0.0,58.0,2022,90.0
Cameroon,2022-03-31,5,5,24.013548387096773,0.0,62.0,2022,90.0
Cameroon,2022-04-30,8,8,27.780000000000005,0.0,96.0,2022,90.0
Cameroon,2022-05-31,25,16,27.78,0.0,186.0,2022,90.0
Cameroon,2022-06-30,15,31,27.780000000000005,0.0,150.0,2022,90.0
Cameroon,2022-07-31,13,17,27.78,0.0,164.0,2022,90.0
Cameroon,2022-08-31,10,11,17.47451612903226,0.0,187.0,2022,90.0
Cameroon,2022-09-30,18,28,13.890000000000002,0.0,153.0,2022,90.0
Cameroon,2022-10-31,23,33,13.89,16.93548387096774,167.0,2022,90.0
Cameroon,2022-11-30,22,19,11.851333333333335,0.0,162.0,2022,90.0
Cameroon,2022-12-31,15,12,8.33,0.0,148.0,2022,90.0
Canada,2021-01-31,7,0,75.01322580645162,62.5,0.0,2021,1723.0
Canada,2021-02-28,6,1,75.46,62.5,2.0,2021,1723.0
Canada,2021-03-31,6,0,73.19225806451612,62.5,0.0,2021,1723.0
Canada,2021-04-30,10,0,75.46,62.5,1.0,2021,1723.0
Canada,2021-05-31,26,0,75.28096774193548,62.5,3.0,2021,1723.0
Canada,2021-06-30,17,0,72.86999999999999,62.5,4.0,2021,1723.0
Canada,2021-07-31,14,1,67.19999999999999,51.20967741935484,2.0,2021,1723.0
Canada,2021-08-31,15,1,62.803225806451614,37.5,3.0,2021,1723.0
Canada,2021-09-30,21,0,65.99666666666667,37.5,2.0,2021,1723.0
Canada,2021-10-31,12,0,63.796451612903226,37.5,2.0,2021,1723.0
Canada,2021-11-30,12,0,64.66133333333333,37.5,1.0,2021,1723.0
Canada,2021-12-31,5,0,61.84935483870967,37.5,2.0,2021,1723.0
Canada,2022-01-31,18,0,71.20451612903226,37.5,0.0,2022,1839.0
Canada,2022-02-28,13,0,62.964285714285715,37.5,1.0,2022,1839.0
Canada,2022-03-31,8,0,40.832580645161286,37.5,4.0,2022,1839.0
Canada,2022-04-30,12,0,25.826,37.5,1.0,2022,1839.0
Canada,2022-05-31,4,0,20.991612903225807,27.822580645161292,0.0,2022,1839.0
Canada,2022-06-30,11,0,18.054333333333332,25.0,1.0,2022,1839.0
Canada,2022-07-31,1,0,16.926129032258064,25.0,3.0,2022,1839.0
Canada,2022-08-31,2,0,18.610967741935486,25.0,1.0,2022,1839.0
Canada,2022-09-30,1,0,18.101333333333333,25.0,0.0,2022,1839.0
Canada,2022-10-31,4,0,6.364193548387097,25.0,0.0,2022,1839.0
Canada,2022-11-30,1,0,5.56,1.6666666666666667,0.0,2022,1839.0
Canada,2022-12-31,2,0,5.56,0.0,0.0,2022,1839.0
Cape Verde,2020-03-31,1,0,35.511935483870964,16.93548387096774,1.0,2020,56.0
Cape Verde,2020-10-31,1,0,68.92354838709677,75.0,2.0,2020,56.0
Cape Verde,2021-03-31,1,0,54.153225806451616,49.596774193548384,1.0,2021,53.0
Cape Verde,2021-09-30,1,0,69.67699999999999,25.0,0.0,2021,53.0
Cape Verde,2022-04-30,1,0,36.29633333333334,25.0,0.0,2022,47.0
Central African Republic,2020-03-31,1,0,17.562580645161287,14.516129032258064,39.0,2020,46.0
Central African Republic,2020-07-31,2,0,56.57,25.0,41.0,2020,46.0
Central African Republic,2020-08-31,1,0,50.93,30.64516129032258,24.0,2020,46.0
Central African Republic,2020-09-30,1,0,53.89,50.0,19.0,2020,46.0
Central African Republic,2020-10-31,2,0,41.2758064516129,50.0,25.0,2020,46.0
Central African Republic,2020-12-31,1,0,19.295806451612904,39.11290322580645,76.0,2020,46.0
Central African Republic,2021-01-31,12,30,21.145806451612902,8.064516129032258,68.0,2021,63.0
Central African Republic,2021-02-28,3,0,21.427142857142854,0.0,43.0,2021,63.0
Central African Republic,2021-03-31,2,3,15.650322580645161,0.0,58.0,2021,63.0
Central African Republic,2021-04-30,5,6,9.075,0.0,49.0,2021,63.0
Central African Republic,2021-05-31,2,1,11.649032258064516,0.0,57.0,2021,63.0
Central African Republic,2021-06-30,4,2,11.109999999999998,0.0,53.0,2021,63.0
Central African Republic,2021-07-31,10,7,11.11,0.0,81.0,2021,63.0
Central African Republic,2021-08-31,5,7,16.311290322580646,0.0,56.0,2021,63.0
Central African Republic,2021-09-30,3,1,14.816666666666666,4.166666666666667,50.0,2021,63.0
Central African Republic,2021-10-31,7,21,18.52,0.0,62.0,2021,63.0
Central African Republic,2021-11-30,8,10,20.555,0.0,54.0,2021,63.0
Central African Republic,2021-12-31,2,2,24.07,0.0,39.0,2021,63.0
Central African Republic,2022-01-31,4,6,18.52,0.0,29.0,2022,41.0
Central African Republic,2022-03-31,1,1,23.53290322580645,0.0,27.0,2022,41.0
Central African Republic,2022-04-30,2,1,18.52,0.0,27.0,2022,41.0
Central African Republic,2022-05-31,5,29,18.52,0.0,29.0,2022,41.0
Central African Republic,2022-06-30,2,4,13.301666666666668,0.0,24.0,2022,41.0
Central African Republic,2022-07-31,1,0,13.89,0.0,7.0,2022,41.0
Central African Republic,2022-08-31,3,5,13.89,0.0,18.0,2022,41.0
Central African Republic,2022-09-30,1,0,13.890000000000002,0.0,15.0,2022,41.0
Central African Republic,2022-10-31,4,18,13.89,0.0,25.0,2022,41.0
Central African Republic,2022-11-30,1,0,13.890000000000002,0.0,29.0,2022,41.0
Central African Republic,2022-12-31,3,2,8.509354838709678,0.0,31.0,2022,41.0
Chad,2020-01-31,3,2,0.0,0.0,8.0,2020,31.0
Chad,2020-02-29,2,2,0.0,0.0,9.0,2020,31.0
Chad,2020-03-31,5,9,18.01258064516129,8.064516129032258,9.0,2020,31.0
Chad,2020-04-30,2,5,66.48100000000001,50.0,15.0,2020,31.0
Chad,2020-05-31,2,27,81.8390322580645,50.0,8.0,2020,31.0
Chad,2020-06-30,1,1,72.77399999999999,50.0,18.0,2020,31.0
Chad,2020-07-31,1,1,67.94870967741936,50.0,12.0,2020,31.0
Chad,2020-08-31,1,0,64.81,50.0,7.0,2020,31.0
Chad,2020-11-30,3,0,70.37000000000002,25.0,9.0,2020,31.0
Chad,2020-12-31,2,0,67.38290322580644,25.0,10.0,2020,31.0
Chad,2021-02-28,5,2,42.659285714285716,49.107142857142854,7.0,2021,111.0
Chad,2021-03-31,6,0,33.87096774193548,0.0,7.0,2021,111.0
Chad,2021-04-30,6,1,25.37066666666667,10.833333333333334,29.0,2021,111.0
Chad,2021-05-31,9,4,25.0,25.0,9.0,2021,111.0
Chad,2021-06-30,4,0,25.185333333333332,25.0,13.0,2021,111.0
Chad,2021-07-31,4,1,27.331612903225807,25.0,7.0,2021,111.0
Chad,2021-08-31,2,0,25.0,25.0,11.0,2021,111.0
Chad,2021-09-30,4,2,23.424666666666667,39.166666666666664,12.0,2021,111.0
Chad,2021-10-31,4,0,22.22,50.0,11.0,2021,111.0
Chad,2021-11-30,4,0,22.219999999999995,50.0,16.0,2021,111.0
Chad,2021-12-31,2,0,23.89354838709677,50.0,10.0,2021,111.0
Chad,2022-01-31,7,7,34.38290322580645,35.483870967741936,11.0,2022,112.0
Chad,2022-02-28,3,0,32.41,0.0,10.0,2022,112.0
Chad,2022-03-31,2,0,33.306774193548385,0.0,7.0,2022,112.0
Chad,2022-04-30,5,11,36.575,0.0,10.0,2022,112.0
Chad,2022-05-31,6,2,37.96,0.0,16.0,2022,112.0
Chad,2022-06-30,1,0,34.44233333333333,0.0,6.0,2022,112.0
Chad,2022-07-31,1,0,13.89,0.0,9.0,2022,112.0
Chad,2022-08-31,2,0,13.89,0.0,10.0,2022,112.0
Chad,2022-09-30,3,2,13.890000000000002,0.0,26.0,2022,112.0
Chad,2022-10-31,6,4,13.89,0.0,12.0,2022,112.0
Chad,2022-11-30,1,0,13.890000000000002,0.0,10.0,2022,112.0
Chad,2022-12-31,1,1,13.89,0.0,5.0,2022,112.0
Chile,2020-01-31,35,1,0.0,0.0,15.0,2020,1747.0
Chile,2020-03-31,36,2,33.960967741935484,4.032258064516129,23.0,2020,1747.0
Chile,2020-04-30,9,0,75.93,38.75,20.0,2020,1747.0
Chile,2020-05-31,12,0,79.13903225806452,37.5,22.0,2020,1747.0
Chile,2020-06-30,6,1,81.02,56.25,23.0,2020,1747.0
Chile,2020-07-31,14,0,89.56322580645161,75.0,18.0,2020,1747.0
Chile,2020-08-31,18,0,88.2174193548387,75.0,21.0,2020,1747.0
Chile,2020-09-30,9,0,87.5,94.16666666666667,27.0,2020,1747.0
Chile,2020-10-31,19,0,87.5,100.0,20.0,2020,1747.0
Chile,2020-11-30,6,0,81.016,100.0,15.0,2020,1747.0
Chile,2020-12-31,6,1,76.03129032258065,100.0,12.0,2020,1747.0
Chile,2021-01-31,1,0,79.17,100.0,21.0,2021,1169.0
Chile,2021-02-28,6,1,79.17,100.0,24.0,2021,1169.0
Chile,2021-03-31,4,0,79.17,100.0,30.0,2021,1169.0
Chile,2021-04-30,10,0,82.034,100.0,22.0,2021,1169.0
Chile,2021-05-31,3,0,80.65838709677419,100.0,17.0,2021,1169.0
Chile,2021-06-30,4,0,84.72,100.0,18.0,2021,1169.0
Chile,2021-07-31,3,0,73.82354838709678,70.96774193548387,22.0,2021,1169.0
Chile,2021-08-31,3,1,58.483870967741936,22.580645161290324,18.0,2021,1169.0
Chile,2021-09-30,2,0,58.147333333333336,0.0,16.0,2021,1169.0
Chile,2021-10-31,2,0,37.748064516129034,0.0,21.0,2021,1169.0
Chile,2021-11-30,2,0,32.218333333333334,0.0,12.0,2021,1169.0
Chile,2021-12-31,3,0,31.585483870967742,0.0,22.0,2021,1169.0
Chile,2022-01-31,3,0,29.864516129032257,0.0,12.0,2022,1215.0
Chile,2022-02-28,1,0,29.448571428571427,0.0,13.0,2022,1215.0
Chile,2022-03-31,4,1,28.958709677419357,0.0,19.0,2022,1215.0
Chile,2022-05-31,1,0,27.143225806451614,0.0,30.0,2022,1215.0
Chile,2022-06-30,4,0,27.038999999999998,0.0,12.0,2022,1215.0
Chile,2022-07-31,4,0,26.960322580645162,0.0,12.0,2022,1215.0
Chile,2022-08-31,3,0,26.893870967741936,0.0,25.0,2022,1215.0
Chile,2022-09-30,1,0,26.848000000000003,0.0,10.0,2022,1215.0
Chile,2022-10-31,2,0,14.3,0.0,17.0,2022,1215.0
Chile,2022-11-30,9,0,13.972000000000001,0.0,9.0,2022,1215.0
China,2020-01-31,19,0,21.595806451612905,0.0,21.0,2020,1778.0
China,2020-02-29,21,0,76.99275862068966,0.0,23.0,2020,1778.0
China,2020-03-31,22,1,79.52645161290323,0.0,22.0,2020,1778.0
China,2020-04-30,17,0,60.212999999999994,8.333333333333334,14.0,2020,1778.0
China,2020-05-31,62,0,74.68193548387096,21.370967741935484,61.0,2020,1778.0
China,2020-06-30,36,1,78.48666666666666,37.5,31.0,2020,1778.0
China,2020-07-31,18,0,78.24,37.5,17.0,2020,1778.0
China,2020-08-31,38,2,78.24,37.5,29.0,2020,1778.0
China,2020-09-30,19,0,60.092666666666666,37.5,14.0,2020,1778.0
China,2020-10-31,33,1,63.0658064516129,39.11290322580645,34.0,2020,1778.0
China,2020-11-30,17,1,69.477,62.5,16.0,2020,1778.0
China,2020-12-31,21,2,79.07548387096773,62.5,16.0,2020,1778.0
China,2021-01-31,17,0,78.24,62.5,18.0,2021,1527.0
China,2021-02-28,17,1,74.07249999999999,62.5,19.0,2021,1527.0
China,2021-03-31,36,1,52.987741935483875,62.5,42.0,2021,1527.0
China,2021-04-30,24,2,74.47466666666666,62.5,24.0,2021,1527.0
China,2021-05-31,29,1,68.44419354838709,62.5,32.0,2021,1527.0
China,2021-06-30,46,0,74.29333333333334,62.5,59.0,2021,1527.0
China,2021-07-31,15,0,73.88032258064516,62.5,18.0,2021,1527.0
China,2021-08-31,19,1,79.17,62.5,22.0,2021,1527.0
China,2021-09-30,27,1,77.31666666666666,62.5,25.0,2021,1527.0
China,2021-10-31,23,0,78.45258064516129,62.5,24.0,2021,1527.0
China,2021-11-30,21,0,79.17,62.5,25.0,2021,1527.0
China,2021-12-31,18,0,79.17,62.5,20.0,2021,1527.0
China,2022-01-31,12,1,79.05032258064516,62.5,13.0,2022,858.0
China,2022-02-28,14,1,79.17,62.5,18.0,2022,858.0
China,2022-03-31,19,1,79.17,62.5,23.0,2022,858.0
China,2022-04-30,16,0,78.92266666666666,62.5,17.0,2022,858.0
China,2022-05-31,19,0,79.17,62.5,24.0,2022,858.0
China,2022-06-30,27,0,79.17,62.5,24.0,2022,858.0
China,2022-07-31,14,0,79.17,62.5,12.0,2022,858.0
China,2022-08-31,20,1,79.17,62.5,20.0,2022,858.0
China,2022-09-30,28,1,79.17,62.5,27.0,2022,858.0
China,2022-10-31,10,0,79.17,62.5,14.0,2022,858.0
China,2022-11-30,21,0,79.17,62.5,12.0,2022,858.0
China,2022-12-31,9,0,60.619677419354836,62.5,8.0,2022,858.0
Colombia,2020-01-31,1,0,2.955806451612903,0.0,186.0,2020,782.0
Colombia,2020-02-29,4,0,9.097586206896551,0.0,166.0,2020,782.0
Colombia,2020-03-31,6,1,43.60838709677419,24.193548387096776,165.0,2020,782.0
Colombia,2020-04-30,4,1,87.00533333333333,70.0,118.0,2020,782.0
Colombia,2020-05-31,4,3,87.63677419354839,75.0,143.0,2020,782.0
Colombia,2020-06-30,6,2,87.04,75.0,140.0,2020,782.0
Colombia,2020-07-31,7,3,87.04,75.0,152.0,2020,782.0
Colombia,2020-08-31,7,6,87.04,75.0,152.0,2020,782.0
Colombia,2020-09-30,11,5,71.3,75.0,195.0,2020,782.0
Colombia,2020-10-31,9,1,68.9683870967742,75.0,136.0,2020,782.0
Colombia,2020-11-30,7,5,64.815,75.0,214.0,2020,782.0
Colombia,2020-12-31,4,1,60.19,75.0,195.0,2020,782.0
Colombia,2021-01-31,3,1,76.98838709677419,75.0,206.0,2021,2778.0
Colombia,2021-02-28,7,3,81.02,75.0,167.0,2021,2778.0
Colombia,2021-03-31,4,1,81.02,75.0,246.0,2021,2778.0
Colombia,2021-04-30,25,4,79.692,75.0,253.0,2021,2778.0
Colombia,2021-05-31,58,10,65.46903225806452,75.0,280.0,2021,2778.0
Colombia,2021-06-30,26,2,60.24666666666666,75.0,212.0,2021,2778.0
Colombia,2021-07-31,4,1,53.88193548387097,75.0,224.0,2021,2778.0
Colombia,2021-08-31,5,1,46.3,75.0,201.0,2021,2778.0
Colombia,2021-09-30,8,2,46.3,75.0,156.0,2021,2778.0
Colombia,2021-10-31,5,0,46.3,69.35483870967742,197.0,2021,2778.0
Colombia,2021-11-30,7,1,48.19433333333333,64.16666666666667,133.0,2021,2778.0
Colombia,2021-12-31,1,1,48.33322580645161,60.483870967741936,129.0,2021,2778.0
Colombia,2022-01-31,10,4,48.649354838709684,26.20967741935484,252.0,2022,1515.0
Colombia,2022-02-28,4,1,46.9275,0.0,278.0,2022,1515.0
Colombia,2022-03-31,7,11,39.66225806451613,23.79032258064516,227.0,2022,1515.0
Colombia,2022-04-30,3,2,40.835,12.5,199.0,2022,1515.0
Colombia,2022-05-31,4,3,19.79290322580645,11.693548387096774,241.0,2022,1515.0
Colombia,2022-06-30,3,1,19.44,8.333333333333334,193.0,2022,1515.0
Colombia,2022-07-31,7,8,22.043225806451613,12.5,303.0,2022,1515.0
Colombia,2022-09-30,2,1,19.44,12.5,199.0,2022,1515.0
Colombia,2022-10-31,2,0,19.44,12.5,216.0,2022,1515.0
Colombia,2022-12-31,1,0,19.44,12.5,166.0,2022,1515.0
Costa Rica,2020-07-31,2,0,73.61,50.0,1.0,2020,610.0
Costa Rica,2020-10-31,9,0,59.10677419354838,50.0,2.0,2020,610.0
Costa Rica,2020-11-30,4,0,55.56000000000001,50.0,1.0,2020,610.0
Costa Rica,2021-02-28,1,0,61.1125,50.0,0.0,2021,203.0
Costa Rica,2021-05-31,2,0,61.17225806451613,50.0,0.0,2021,203.0
Costa Rica,2021-06-30,1,0,58.15233333333334,30.833333333333332,0.0,2021,203.0
Costa Rica,2021-09-30,1,0,54.31666666666667,25.0,4.0,2021,203.0
Costa Rica,2021-10-31,1,0,52.042903225806455,25.0,3.0,2021,203.0
Costa Rica,2021-11-30,2,0,49.199333333333335,25.0,2.0,2021,203.0
Costa Rica,2022-05-31,1,0,11.11,25.0,2.0,2022,169.0
Costa Rica,2022-10-31,1,0,11.11,0.0,1.0,2022,169.0
Croatia,2020-05-31,1,0,72.7883870967742,87.5,3.0,2020,131.0
Croatia,2020-10-31,1,0,29.238064516129032,52.016129032258064,2.0,2020,131.0
Croatia,2021-02-28,1,0,47.21999999999999,37.5,2.0,2021,175.0
Croatia,2021-12-31,1,0,38.07645161290322,62.5,1.0,2021,175.0
Croatia,2022-07-31,1,0,11.11,0.0,0.0,2022,111.0
Croatia,2022-09-30,1,0,11.109999999999998,0.0,0.0,2022,111.0
Cuba,2020-01-31,1,0,1.433548387096774,0.0,2.0,2020,48.0
Cuba,2020-03-31,4,0,30.02,0.0,2.0,2020,48.0
Cuba,2020-04-30,3,0,76.234,43.333333333333336,3.0,2020,48.0
Cuba,2020-05-31,2,0,94.98258064516129,51.20967741935484,4.0,2020,48.0
Cuba,2020-06-30,6,1,93.981,50.0,7.0,2020,48.0
Cuba,2020-07-31,3,0,69.6548387096774,50.0,5.0,2020,48.0
Cuba,2020-08-31,10,1,78.46677419354837,50.0,12.0,2020,48.0
Cuba,2020-09-30,12,0,85.61666666666666,50.0,13.0,2020,48.0
Cuba,2020-10-31,6,1,68.12741935483872,50.0,12.0,2020,48.0
Cuba,2020-11-30,11,0,59.53733333333333,50.0,8.0,2020,48.0
Cuba,2020-12-31,2,0,56.48,50.0,2.0,2020,48.0
Cuba,2021-01-31,6,0,72.25,50.0,5.0,2021,153.0
Cuba,2021-02-28,7,0,79.49714285714286,50.0,5.0,2021,153.0
Cuba,2021-03-31,8,0,79.63,50.0,7.0,2021,153.0
Cuba,2021-04-30,8,0,79.62999999999998,50.0,9.0,2021,153.0
Cuba,2021-05-31,8,0,79.61419354838709,50.0,8.0,2021,153.0
Cuba,2021-06-30,6,0,76.296,50.0,6.0,2021,153.0
Cuba,2021-07-31,53,0,71.76,50.0,28.0,2021,153.0
Cuba,2021-08-31,4,0,71.76,50.0,2.0,2021,153.0
Cuba,2021-09-30,3,0,70.248,50.0,3.0,2021,153.0
Cuba,2021-11-30,10,0,48.54933333333334,37.5,14.0,2021,153.0
Cuba,2021-12-31,4,0,24.788387096774194,48.79032258064516,4.0,2021,153.0
Cuba,2022-01-31,5,0,24.914516129032258,50.0,3.0,2022,210.0
Cuba,2022-02-28,6,0,22.304285714285715,50.0,8.0,2022,210.0
Cuba,2022-03-31,8,0,22.276129032258066,50.0,9.0,2022,210.0
Cuba,2022-04-30,3,0,19.14333333333333,50.0,4.0,2022,210.0
Cuba,2022-05-31,3,0,18.280967741935484,50.0,7.0,2022,210.0
Cuba,2022-06-30,4,0,11.109999999999998,50.0,5.0,2022,210.0
Cuba,2022-07-31,14,0,11.11,50.0,13.0,2022,210.0
Cuba,2022-08-31,15,0,11.11,50.0,3.0,2022,210.0
Cuba,2022-09-30,8,0,11.109999999999998,50.0,6.0,2022,210.0
Cuba,2022-10-31,15,0,11.11,50.0,9.0,2022,210.0
Cuba,2022-11-30,4,0,11.109999999999998,50.0,4.0,2022,210.0
Cuba,2022-12-31,8,0,11.11,6.451612903225806,8.0,2022,210.0
Cyprus,2020-03-31,1,0,45.51806451612903,77.41935483870968,3.0,2020,234.0
Cyprus,2020-07-31,2,0,48.20645161290323,100.0,1.0,2020,234.0
Cyprus,2020-08-31,1,0,48.11677419354838,100.0,1.0,2020,234.0
Cyprus,2020-12-31,1,0,71.26354838709678,100.0,1.0,2020,234.0
Cyprus,2021-01-31,1,0,81.3016129032258,100.0,1.0,2021,332.0
Cyprus,2021-04-30,1,0,64.87666666666667,100.0,0.0,2021,332.0
Cyprus,2021-05-31,1,0,66.84645161290322,100.0,2.0,2021,332.0
Cyprus,2021-06-30,1,0,53.258,100.0,1.0,2021,332.0
Cyprus,2021-11-30,1,0,46.291666666666664,100.0,2.0,2021,332.0
Cyprus,2021-12-31,1,0,44.13709677419355,100.0,4.0,2021,332.0
Cyprus,2022-03-31,1,0,42.552580645161285,100.0,1.0,2022,394.0
Cyprus,2022-05-31,1,0,26.261935483870968,100.0,4.0,2022,394.0
Cyprus,2022-06-30,1,0,11.109999999999998,100.0,0.0,2022,394.0
Cyprus,2022-07-31,1,0,11.11,100.0,3.0,2022,394.0
Cyprus,2022-10-31,1,0,11.11,100.0,6.0,2022,394.0
Czech Republic,2020-02-29,1,0,16.861034482758622,0.0,0.0,2020,220.0
Czech Republic,2020-05-31,1,0,51.91129032258065,100.0,1.0,2020,220.0
Czech Republic,2020-07-31,1,0,35.93064516129032,62.5,0.0,2020,220.0
Czech Republic,2020-09-30,1,0,38.24133333333334,62.5,0.0,2020,220.0
Czech Republic,2020-10-31,1,0,54.30225806451613,62.5,0.0,2020,220.0
Czech Republic,2020-12-31,1,0,66.5783870967742,62.5,0.0,2020,220.0
Czech Republic,2021-03-31,4,0,80.85225806451614,62.5,1.0,2021,255.0
Czech Republic,2021-04-30,2,0,68.51933333333334,62.5,0.0,2021,255.0
Czech Republic,2021-06-30,6,1,50.12266666666667,37.5,1.0,2021,255.0
Czech Republic,2021-08-31,2,0,40.255806451612905,75.0,0.0,2021,255.0
Czech Republic,2021-12-31,1,0,42.046129032258065,87.5,0.0,2021,255.0
Czech Republic,2022-01-31,1,0,37.71193548387097,61.693548387096776,0.0,2022,301.0
Czech Republic,2022-02-28,3,0,36.57821428571429,37.5,0.0,2022,301.0
Czech Republic,2022-03-31,3,0,32.74354838709677,37.5,0.0,2022,301.0
Czech Republic,2022-04-30,3,0,15.807333333333334,37.5,0.0,2022,301.0
Czech Republic,2022-06-30,1,0,14.81,37.5,0.0,2022,301.0
Czech Republic,2022-07-31,2,0,14.81,37.5,1.0,2022,301.0
Czech Republic,2022-08-31,2,0,11.348709677419356,2.4193548387096775,0.0,2022,301.0
Czech Republic,2022-10-31,1,0,11.11,0.0,1.0,2022,301.0
Democratic Republic of Congo,2020-01-31,20,2,0.0,0.0,204.0,2020,655.0
Democratic Republic of Congo,2020-02-29,17,8,0.9586206896551723,0.0,173.0,2020,655.0
Democratic Republic of Congo,2020-03-31,15,3,33.78258064516129,25.0,186.0,2020,655.0
Democratic Republic of Congo,2020-04-30,26,10,80.09666666666666,38.333333333333336,225.0,2020,655.0
Democratic Republic of Congo,2020-05-31,24,11,80.56,50.0,267.0,2020,655.0
Democratic Republic of Congo,2020-06-30,26,22,80.56,50.0,231.0,2020,655.0
Democratic Republic of Congo,2020-07-31,49,3,72.49548387096775,50.0,236.0,2020,655.0
Democratic Republic of Congo,2020-08-31,17,8,48.74612903225807,50.0,196.0,2020,655.0
Democratic Republic of Congo,2020-09-30,21,10,45.65133333333333,46.666666666666664,266.0,2020,655.0
Democratic Republic of Congo,2020-10-31,16,6,42.980645161290326,0.0,237.0,2020,655.0
Democratic Republic of Congo,2020-11-30,17,2,22.219999999999995,0.0,226.0,2020,655.0
Democratic Republic of Congo,2020-12-31,14,5,23.503870967741936,0.0,257.0,2020,655.0
Democratic Republic of Congo,2021-01-31,24,10,29.539354838709677,0.0,283.0,2021,593.0
Democratic Republic of Congo,2021-02-28,15,4,42.72714285714285,0.0,237.0,2021,593.0
Democratic Republic of Congo,2021-03-31,13,4,30.436774193548384,0.0,217.0,2021,593.0
Democratic Republic of Congo,2021-04-30,28,3,30.462333333333333,0.0,268.0,2021,593.0
Democratic Republic of Congo,2021-05-31,7,10,34.585483870967735,11.290322580645162,229.0,2021,593.0
Democratic Republic of Congo,2021-06-30,11,9,39.50666666666667,25.0,193.0,2021,593.0
Democratic Republic of Congo,2021-07-31,9,3,40.47096774193549,25.0,222.0,2021,593.0
Democratic Republic of Congo,2021-08-31,16,12,37.96,25.0,264.0,2021,593.0
Democratic Republic of Congo,2021-09-30,21,8,37.96,25.0,316.0,2021,593.0
Democratic Republic of Congo,2021-10-31,10,3,37.96,45.96774193548387,287.0,2021,593.0
Democratic Republic of Congo,2021-11-30,23,22,45.184666666666665,2.5,457.0,2021,593.0
Democratic Republic of Congo,2021-12-31,22,9,39.513225806451615,50.806451612903224,377.0,2021,593.0
Democratic Republic of Congo,2022-01-31,23,16,40.140967741935484,0.0,488.0,2022,432.0
Democratic Republic of Congo,2022-02-28,23,25,36.57,0.0,369.0,2022,432.0
Democratic Republic of Congo,2022-03-31,14,18,36.839999999999996,0.0,343.0,2022,432.0
Democratic Republic of Congo,2022-04-30,18,12,29.796,0.0,226.0,2022,432.0
Democratic Republic of Congo,2022-05-31,11,3,30.651612903225804,0.0,221.0,2022,432.0
Democratic Republic of Congo,2022-06-30,14,9,30.692666666666664,0.0,261.0,2022,432.0
Democratic Republic of Congo,2022-07-31,16,9,25.87516129032258,0.0,250.0,2022,432.0
Democratic Republic of Congo,2022-08-31,14,8,35.15161290322581,0.0,205.0,2022,432.0
Democratic Republic of Congo,2022-09-30,10,1,28.546666666666667,0.0,147.0,2022,432.0
Democratic Republic of Congo,2022-10-31,21,14,25.0,0.0,205.0,2022,432.0
Democratic Republic of Congo,2022-11-30,15,9,25.0,0.0,243.0,2022,432.0
Democratic Republic of Congo,2022-12-31,9,4,25.0,0.0,229.0,2022,432.0
Denmark,2020-01-31,2,0,0.0,0.0,0.0,2020,571.0
Denmark,2020-03-31,4,0,52.627419354838715,27.822580645161292,2.0,2020,571.0
Denmark,2020-05-31,1,0,66.10096774193549,87.5,1.0,2020,571.0
Denmark,2020-06-30,1,0,58.05866666666667,87.5,7.0,2020,571.0
Denmark,2020-07-31,1,0,57.41,87.5,5.0,2020,571.0
Denmark,2020-08-31,1,0,53.7,87.5,7.0,2020,571.0
Denmark,2020-09-30,3,0,51.205333333333336,87.5,1.0,2020,571.0
Denmark,2020-10-31,1,0,46.8658064516129,87.5,0.0,2020,571.0
Denmark,2020-11-30,1,0,47.25366666666667,93.75,0.0,2020,571.0
Denmark,2020-12-31,2,0,50.17774193548387,100.0,0.0,2020,571.0
Denmark,2021-01-31,2,0,68.12935483870969,62.903225806451616,0.0,2021,833.0
Denmark,2021-02-28,2,0,66.4025,50.0,0.0,2021,833.0
Denmark,2021-03-31,5,0,63.13903225806452,50.0,0.0,2021,833.0
Denmark,2021-04-30,1,0,64.85600000000001,50.0,0.0,2021,833.0
Denmark,2021-05-31,5,0,59.351612903225806,50.0,0.0,2021,833.0
Denmark,2021-06-30,1,0,50.849333333333334,50.0,1.0,2021,833.0
Denmark,2021-07-31,2,0,43.36129032258064,37.5,0.0,2021,833.0
Denmark,2021-09-30,1,0,22.898000000000003,7.5,0.0,2021,833.0
Denmark,2021-10-31,1,0,20.37,0.0,0.0,2021,833.0
Denmark,2021-11-30,2,0,25.891333333333332,0.0,0.0,2021,833.0
Denmark,2021-12-31,3,0,31.82161290322581,0.0,0.0,2021,833.0
Denmark,2022-01-31,3,0,34.0958064516129,0.0,0.0,2022,373.0
Denmark,2022-03-31,2,0,13.620967741935484,0.0,0.0,2022,373.0
Denmark,2022-04-30,3,0,11.109999999999998,0.0,0.0,2022,373.0
Denmark,2022-05-31,7,0,11.11,0.0,0.0,2022,373.0
Denmark,2022-06-30,5,0,11.109999999999998,0.0,0.0,2022,373.0
Denmark,2022-09-30,1,0,11.109999999999998,0.0,0.0,2022,373.0
Denmark,2022-10-31,1,0,11.11,0.0,0.0,2022,373.0
Denmark,2022-11-30,2,0,11.109999999999998,0.0,0.0,2022,373.0
Djibouti,2020-06-30,5,0,59.26,12.5,5.0,2020,30.0
Djibouti,2020-07-31,1,0,55.229354838709675,12.5,0.0,2020,30.0
Djibouti,2021-01-31,1,1,39.75354838709678,12.5,2.0,2021,20.0
Djibouti,2021-02-28,1,0,37.96,12.5,0.0,2021,20.0
Djibouti,2021-04-30,1,0,37.343333333333334,12.5,0.0,2021,20.0
Djibouti,2021-08-31,4,0,43.52,12.5,9.0,2021,20.0
Djibouti,2022-05-31,3,0,39.81,0.0,3.0,2022,5.0
Djibouti,2022-12-31,1,0,2.78,0.0,0.0,2022,5.0
Dominica,2021-04-30,1,0,30.56,25.0,0.0,2021,13.0
Dominica,2021-05-31,1,0,30.56,10.483870967741936,1.0,2021,13.0
Dominican Republic,2020-01-31,2,2,0.0,0.0,1.0,2020,64.0
Dominican Republic,2020-02-29,2,0,0.0,0.0,5.0,2020,64.0
Dominican Republic,2020-03-31,1,0,46.324516129032254,4.032258064516129,2.0,2020,64.0
Dominican Republic,2020-06-30,2,0,86.66900000000001,25.0,1.0,2020,64.0
Dominican Republic,2020-08-31,1,0,78.7,25.0,1.0,2020,64.0
Dominican Republic,2021-03-31,1,2,62.04,25.0,2.0,2021,54.0
Dominican Republic,2021-04-30,1,0,66.48166666666667,25.0,1.0,2021,54.0
Dominican Republic,2021-06-30,1,0,62.96,12.5,1.0,2021,54.0
Dominican Republic,2022-01-31,1,0,47.00419354838709,0.0,4.0,2022,94.0
Dominican Republic,2022-02-28,3,1,30.3525,0.0,4.0,2022,94.0
Dominican Republic,2022-03-31,1,1,8.33,0.0,4.0,2022,94.0
Dominican Republic,2022-04-30,3,1,7.591333333333334,0.0,5.0,2022,94.0
Dominican Republic,2022-05-31,2,0,5.56,0.0,7.0,2022,94.0
Dominican Republic,2022-06-30,1,1,5.56,0.0,4.0,2022,94.0
Dominican Republic,2022-07-31,1,0,5.56,0.0,4.0,2022,94.0
Dominican Republic,2022-08-31,1,1,5.56,0.0,1.0,2022,94.0
Dominican Republic,2022-09-30,1,1,5.56,0.0,2.0,2022,94.0
Dominican Republic,2022-10-31,3,1,5.56,0.0,5.0,2022,94.0
Dominican Republic,2022-11-30,2,2,5.56,0.0,2.0,2022,94.0
Dominican Republic,2022-12-31,2,1,5.56,0.0,5.0,2022,94.0
Ecuador,2020-05-31,2,0,86.82709677419355,75.0,1.0,2020,393.0
Ecuador,2020-06-30,1,0,81.85,75.0,6.0,2020,393.0
Ecuador,2020-07-31,1,0,79.31612903225806,75.0,6.0,2020,393.0
Ecuador,2020-08-31,1,0,75.40354838709678,75.0,1.0,2020,393.0
Ecuador,2020-09-30,2,0,60.71033333333333,75.0,2.0,2020,393.0
Ecuador,2020-10-31,4,0,52.06258064516129,75.0,5.0,2020,393.0
Ecuador,2021-03-31,1,0,59.858064516129026,75.0,1.0,2021,499.0
Ecuador,2021-10-31,2,0,49.65387096774194,75.0,2.0,2021,499.0
Ecuador,2022-03-31,3,0,34.638064516129035,75.0,4.0,2022,1346.0
Ecuador,2022-04-30,1,0,29.482666666666667,75.0,2.0,2022,1346.0
Ecuador,2022-05-31,1,0,25.05548387096774,75.0,10.0,2022,1346.0
Ecuador,2022-06-30,12,0,28.811,75.0,11.0,2022,1346.0
Ecuador,2022-10-31,2,0,13.181612903225806,41.12903225806452,7.0,2022,1346.0
Ecuador,2022-12-31,1,0,11.11,0.0,11.0,2022,1346.0
Egypt,2020-01-31,7,3,0.0,0.0,36.0,2020,110.0
Egypt,2020-02-29,3,2,0.0,0.0,50.0,2020,110.0
Egypt,2020-03-31,8,15,33.00451612903226,16.129032258064516,39.0,2020,110.0
Egypt,2020-04-30,3,2,84.26,65.0,41.0,2020,110.0
Egypt,2020-05-31,1,0,84.85677419354839,75.0,69.0,2020,110.0
Egypt,2020-07-31,4,3,71.44612903225806,75.0,36.0,2020,110.0
Egypt,2020-08-31,4,2,75.93,75.0,62.0,2020,110.0
Egypt,2020-09-30,50,5,75.18866666666668,75.0,37.0,2020,110.0
Egypt,2020-10-31,1,0,70.37,64.51612903225806,37.0,2020,110.0
Egypt,2020-11-30,4,0,70.37000000000002,74.58333333333333,34.0,2020,110.0
Egypt,2020-12-31,2,4,70.37,75.0,46.0,2020,110.0
Egypt,2021-01-31,5,1,54.24258064516129,75.0,49.0,2021,35.0
Egypt,2021-02-28,3,2,48.15,75.0,30.0,2021,35.0
Egypt,2021-03-31,4,5,47.910645161290326,75.0,19.0,2021,35.0
Egypt,2021-04-30,2,1,44.43999999999999,75.0,24.0,2021,35.0
Egypt,2021-05-31,5,0,56.869677419354836,75.0,16.0,2021,35.0
Egypt,2021-06-30,2,0,42.592,75.0,13.0,2021,35.0
Egypt,2021-07-31,1,0,40.74,75.0,23.0,2021,35.0
Egypt,2021-08-31,1,0,40.74,75.0,22.0,2021,35.0
Egypt,2021-11-30,2,0,37.04,75.0,18.0,2021,35.0
Egypt,2022-02-28,1,0,39.78071428571428,75.0,16.0,2022,47.0
Egypt,2022-03-31,2,1,39.704193548387096,25.0,39.0,2022,47.0
Egypt,2022-05-31,1,0,39.5841935483871,19.35483870967742,9.0,2022,47.0
Egypt,2022-06-30,2,1,28.656,16.666666666666668,23.0,2022,47.0
Egypt,2022-07-31,4,2,15.986451612903227,25.0,16.0,2022,47.0
Egypt,2022-08-31,5,5,15.742903225806451,25.0,27.0,2022,47.0
Egypt,2022-09-30,2,3,11.261666666666665,25.0,7.0,2022,47.0
Egypt,2022-10-31,1,0,10.314193548387097,25.0,3.0,2022,47.0
Egypt,2022-12-31,3,0,13.339032258064515,50.0,6.0,2022,47.0
El Salvador,2020-03-31,2,0,54.59806451612903,10.483870967741936,19.0,2020,208.0
El Salvador,2020-04-30,3,0,90.74,50.0,87.0,2020,208.0
El Salvador,2020-05-31,1,1,98.92387096774193,71.7741935483871,23.0,2020,208.0
El Salvador,2020-07-31,1,3,89.81,75.0,31.0,2020,208.0
El Salvador,2020-08-31,1,0,87.42290322580645,75.0,23.0,2020,208.0
El Salvador,2020-09-30,2,1,72.50233333333334,75.0,29.0,2020,208.0
El Salvador,2021-01-31,1,0,47.012258064516125,75.0,49.0,2021,277.0
El Salvador,2021-08-31,1,1,32.41,25.0,28.0,2021,277.0
El Salvador,2021-10-31,1,0,31.241290322580646,32.25806451612903,32.0,2021,277.0
El Salvador,2022-03-31,1,0,25.995806451612903,0.0,90.0,2022,158.0
El Salvador,2022-04-30,1,1,29.604333333333333,0.0,24.0,2022,158.0
El Salvador,2022-09-30,3,1,23.335,0.0,11.0,2022,158.0
El Salvador,2022-11-30,1,1,26.85,0.0,12.0,2022,158.0
Eritrea,2020-02-29,1,1,0.0,0.0,1.0,2020,0.0
Eritrea,2020-11-30,1,0,82.41,25.0,5.0,2020,0.0
Eritrea,2021-01-31,1,0,89.81,50.0,1.0,2021,0.0
Eritrea,2021-10-31,1,0,47.22,0.0,1.0,2021,0.0
Eritrea,2022-03-31,1,0,55.09,0.0,2.0,2022,0.0
Estonia,2021-04-30,1,0,60.53933333333334,100.0,0.0,2021,114.0
Estonia,2021-08-31,1,1,22.940322580645162,0.0,1.0,2021,114.0
Ethiopia,2020-01-31,5,8,0.35870967741935483,0.0,22.0,2020,112.0
Ethiopia,2020-02-29,11,14,2.78,0.0,22.0,2020,112.0
Ethiopia,2020-03-31,3,13,25.6,0.0,19.0,2020,112.0
Ethiopia,2020-04-30,3,1,77.319,19.166666666666668,14.0,2020,112.0
Ethiopia,2020-05-31,9,9,80.56,25.0,23.0,2020,112.0
Ethiopia,2020-06-30,10,29,80.56,25.0,25.0,2020,112.0
Ethiopia,2020-07-31,7,11,80.56,45.16129032258065,16.0,2020,112.0
Ethiopia,2020-08-31,29,58,80.56,50.0,34.0,2020,112.0
Ethiopia,2020-09-30,4,8,78.70666666666666,50.0,16.0,2020,112.0
Ethiopia,2020-10-31,8,6,64.03774193548387,41.935483870967744,19.0,2020,112.0
Ethiopia,2020-11-30,20,107,53.518,0.0,243.0,2020,112.0
Ethiopia,2020-12-31,15,49,51.85,0.0,169.0,2020,112.0
Ethiopia,2021-01-31,18,210,51.85,0.0,160.0,2021,208.0
Ethiopia,2021-02-28,24,232,39.35,0.0,158.0,2021,208.0
Ethiopia,2021-03-31,10,13,42.08516129032258,0.0,164.0,2021,208.0
Ethiopia,2021-04-30,6,51,43.52,0.0,93.0,2021,208.0
Ethiopia,2021-05-31,12,12,43.52,0.0,38.0,2021,208.0
Ethiopia,2021-06-30,9,6,43.52,0.0,62.0,2021,208.0
Ethiopia,2021-07-31,8,8,43.52,0.0,110.0,2021,208.0
Ethiopia,2021-08-31,1,1,43.52,0.0,203.0,2021,208.0
Ethiopia,2021-09-30,8,5,43.52,0.0,127.0,2021,208.0
Ethiopia,2021-10-31,12,19,43.52,0.0,110.0,2021,208.0
Ethiopia,2021-11-30,19,138,43.52,0.0,208.0,2021,208.0
Ethiopia,2021-12-31,19,372,42.71290322580646,0.0,133.0,2021,208.0
Ethiopia,2022-01-31,14,111,40.74,0.0,118.0,2022,144.0
Ethiopia,2022-02-28,5,16,40.74,0.0,75.0,2022,144.0
Ethiopia,2022-03-31,12,32,40.74,0.0,95.0,2022,144.0
Ethiopia,2022-04-30,15,67,40.74,0.0,102.0,2022,144.0
Ethiopia,2022-05-31,16,51,37.39806451612903,0.0,70.0,2022,144.0
Ethiopia,2022-06-30,20,73,26.112000000000002,0.0,123.0,2022,144.0
Ethiopia,2022-07-31,29,76,38.35032258064516,0.0,94.0,2022,144.0
Ethiopia,2022-08-31,22,62,40.74,0.0,118.0,2022,144.0
Ethiopia,2022-09-30,12,66,40.74,0.0,145.0,2022,144.0
Ethiopia,2022-10-31,21,115,32.017419354838715,0.0,132.0,2022,144.0
Ethiopia,2022-11-30,12,134,19.44,0.0,129.0,2022,144.0
Ethiopia,2022-12-31,17,23,20.96451612903226,0.0,78.0,2022,144.0
Fiji,2021-04-30,1,0,57.039333333333325,54.166666666666664,0.0,2021,12.0
Fiji,2021-06-30,2,0,86.11,75.0,0.0,2021,12.0
Fiji,2021-07-31,1,0,86.11,75.0,1.0,2021,12.0
Fiji,2021-11-30,1,0,89.22333333333333,75.0,0.0,2021,12.0
Fiji,2021-12-31,1,0,86.98903225806451,75.0,0.0,2021,12.0
Finland,2020-01-31,1,0,0.896774193548387,0.0,0.0,2020,218.0
Finland,2020-06-30,1,0,39.50666666666666,71.66666666666667,2.0,2020,218.0
Finland,2020-08-31,1,0,33.5758064516129,75.0,3.0,2020,218.0
Finland,2020-09-30,2,0,32.41,75.0,0.0,2020,218.0
Finland,2020-10-31,1,0,35.90064516129033,75.0,0.0,2020,218.0
Finland,2020-12-31,1,0,51.47451612903226,75.0,0.0,2020,218.0
Finland,2021-01-31,1,0,52.31,75.0,0.0,2021,262.0
Finland,2021-03-31,2,0,52.31,75.0,0.0,2021,262.0
Finland,2021-04-30,3,0,52.31000000000001,75.0,0.0,2021,262.0
Finland,2021-05-31,2,0,52.31,75.0,0.0,2021,262.0
Finland,2021-06-30,3,0,48.399,75.0,1.0,2021,262.0
Finland,2021-08-31,2,0,38.28064516129032,75.0,0.0,2021,262.0
Finland,2021-09-30,1,0,32.827,75.0,0.0,2021,262.0
Finland,2021-10-31,1,0,24.07,75.0,0.0,2021,262.0
Finland,2021-11-30,6,0,25.051,75.0,0.0,2021,262.0
Finland,2021-12-31,2,0,36.0516129032258,75.0,0.0,2021,262.0
Finland,2022-02-28,3,0,22.6825,50.0,0.0,2022,348.0
Finland,2022-03-31,1,0,17.83161290322581,50.0,0.0,2022,348.0
Finland,2022-04-30,2,0,19.44,50.0,0.0,2022,348.0
Finland,2022-05-31,4,0,19.44,50.0,0.0,2022,348.0
Finland,2022-06-30,1,0,19.162333333333333,50.0,0.0,2022,348.0
Finland,2022-08-31,2,0,11.11,50.0,1.0,2022,348.0
Finland,2022-10-31,2,0,11.11,50.0,0.0,2022,348.0
France,2020-01-31,36,0,1.6141935483870968,0.0,8.0,2020,5348.0
France,2020-02-29,17,0,7.714482758620689,0.0,7.0,2020,5348.0
France,2020-03-31,9,0,65.73870967741935,51.61290322580645,21.0,2020,5348.0
France,2020-04-30,3,0,87.96,100.0,43.0,2020,5348.0
France,2020-05-31,19,0,80.0758064516129,95.16129032258064,4.0,2020,5348.0
France,2020-06-30,11,0,66.20166666666667,75.0,15.0,2020,5348.0
France,2020-07-31,1,0,48.09032258064516,75.0,5.0,2020,5348.0
France,2020-08-31,1,0,47.37419354838709,75.0,1.0,2020,5348.0
France,2020-09-30,6,0,48.394999999999996,75.0,2.0,2020,5348.0
France,2020-10-31,13,0,50.1658064516129,57.25806451612903,9.0,2020,5348.0
France,2020-11-30,16,0,78.33,50.0,15.0,2020,5348.0
France,2020-12-31,6,0,68.90741935483871,50.0,7.0,2020,5348.0
France,2021-01-31,11,0,63.89,50.0,2.0,2021,8544.0
France,2021-02-28,6,0,62.205714285714286,50.0,14.0,2021,8544.0
France,2021-03-31,6,0,66.87709677419355,50.0,6.0,2021,8544.0
France,2021-04-30,7,0,74.01266666666668,50.0,22.0,2021,8544.0
France,2021-05-31,16,0,60.72354838709678,50.0,15.0,2021,8544.0
France,2021-06-30,4,0,51.352666666666664,50.0,8.0,2021,8544.0
France,2021-07-31,14,0,41.15387096774194,50.0,3.0,2021,8544.0
France,2021-08-31,8,0,43.09903225806451,50.0,5.0,2021,8544.0
France,2021-09-30,18,0,43.42466666666667,25.0,23.0,2021,8544.0
France,2021-10-31,15,0,41.78032258064516,25.0,9.0,2021,8544.0
France,2021-11-30,9,0,40.99433333333333,25.0,6.0,2021,8544.0
France,2021-12-31,2,0,43.51709677419355,25.0,16.0,2021,8544.0
France,2022-01-31,11,0,46.902580645161294,25.0,4.0,2022,6557.0
France,2022-02-28,13,0,37.74214285714286,25.0,7.0,2022,6557.0
France,2022-03-31,11,0,23.429677419354835,10.483870967741936,19.0,2022,6557.0
France,2022-04-30,8,2,18.82,0.0,17.0,2022,6557.0
France,2022-05-31,5,0,18.812580645161287,0.0,11.0,2022,6557.0
France,2022-06-30,8,1,18.81,0.0,7.0,2022,6557.0
France,2022-07-31,10,0,18.800967741935484,0.0,37.0,2022,6557.0
France,2022-08-31,5,2,11.11,0.0,15.0,2022,6557.0
France,2022-09-30,6,0,11.109999999999998,0.0,6.0,2022,6557.0
France,2022-10-31,3,1,11.11,0.0,9.0,2022,6557.0
France,2022-11-30,9,0,11.109999999999998,0.0,3.0,2022,6557.0
France,2022-12-31,8,0,11.11,0.0,8.0,2022,6557.0
Gabon,2020-02-29,1,0,12.16655172413793,0.0,0.0,2020,28.0
Gabon,2020-04-30,2,0,77.40633333333334,71.66666666666667,0.0,2020,28.0
Gabon,2020-05-31,2,0,82.22838709677418,87.5,3.0,2020,28.0
Gabon,2020-06-30,1,0,84.26,87.5,0.0,2020,28.0
Gabon,2020-07-31,1,0,79.45096774193549,87.5,2.0,2020,28.0
Gabon,2020-10-31,1,0,74.82064516129033,87.5,0.0,2020,28.0
Gabon,2020-12-31,1,0,65.74,87.5,0.0,2020,28.0
Gabon,2021-04-30,1,0,68.52,50.0,1.0,2021,36.0
Gabon,2021-05-31,1,0,68.1,38.70967741935484,1.0,2021,36.0
Gabon,2021-09-30,1,1,60.27733333333333,39.166666666666664,1.0,2021,36.0
Gabon,2021-10-31,1,0,53.04677419354839,25.806451612903224,0.0,2021,36.0
Gabon,2021-11-30,3,0,50.18366666666667,36.666666666666664,2.0,2021,36.0
Gabon,2022-11-30,1,0,11.109999999999998,0.0,2.0,2022,47.0
Gambia,2020-04-30,1,0,78.7,0.0,2.0,2020,13.0
Gambia,2020-06-30,2,0,73.60833333333333,0.0,3.0,2020,13.0
Gambia,2022-08-31,1,1,13.89,0.0,1.0,2022,2.0
Gambia,2022-12-31,1,0,12.186129032258064,0.0,0.0,2022,2.0
Georgia,2020-01-31,7,0,2.1500000000000004,0.0,2.0,2020,861.0
Georgia,2020-02-29,3,0,19.44,0.0,1.0,2020,861.0
Georgia,2020-03-31,1,0,61.41096774193549,0.0,1.0,2020,861.0
Georgia,2020-04-30,2,0,99.50666666666666,8.75,2.0,2020,861.0
Georgia,2020-05-31,1,0,91.37032258064517,37.5,1.0,2020,861.0
Georgia,2020-06-30,3,0,62.499,37.5,2.0,2020,861.0
Georgia,2020-07-31,11,0,54.269354838709674,37.5,4.0,2020,861.0
Georgia,2020-08-31,4,0,55.61645161290322,37.5,7.0,2020,861.0
Georgia,2020-09-30,5,0,62.62533333333333,37.5,10.0,2020,861.0
Georgia,2020-10-31,7,0,58.721612903225804,37.5,15.0,2020,861.0
Georgia,2020-11-30,10,0,64.28833333333334,37.5,2.0,2020,861.0
Georgia,2020-12-31,7,0,84.26,37.5,0.0,2020,861.0
Georgia,2021-01-31,4,0,83.12387096774194,37.5,1.0,2021,855.0
Georgia,2021-02-28,4,0,77.87928571428571,37.5,4.0,2021,855.0
Georgia,2021-03-31,7,0,64.45161290322581,13.306451612903226,2.0,2021,855.0
Georgia,2021-04-30,7,0,64.81,12.5,2.0,2021,855.0
Georgia,2021-05-31,1,0,64.81,12.5,3.0,2021,855.0
Georgia,2021-06-30,2,0,57.80566666666667,23.75,1.0,2021,855.0
Georgia,2021-07-31,4,0,25.0,50.0,1.0,2021,855.0
Georgia,2021-08-31,3,0,40.41451612903226,50.0,0.0,2021,855.0
Georgia,2021-09-30,3,0,48.21,50.0,5.0,2021,855.0
Georgia,2021-10-31,2,0,44.11258064516129,25.806451612903224,6.0,2021,855.0
Georgia,2021-11-30,13,0,47.498000000000005,0.0,2.0,2021,855.0
Georgia,2021-12-31,2,0,50.0,0.0,2.0,2021,855.0
Georgia,2022-01-31,1,0,48.20967741935484,0.0,0.0,2022,478.0
Georgia,2022-02-28,3,0,32.41,0.0,1.0,2022,478.0
Georgia,2022-03-31,5,0,23.506774193548388,0.0,3.0,2022,478.0
Georgia,2022-04-30,1,0,13.890000000000002,0.0,0.0,2022,478.0
Georgia,2022-05-31,3,0,13.89,0.0,1.0,2022,478.0
Georgia,2022-06-30,3,0,12.407333333333334,0.0,6.0,2022,478.0
Georgia,2022-07-31,1,0,11.11,0.0,0.0,2022,478.0
Georgia,2022-09-30,1,0,5.56,0.0,0.0,2022,478.0
Georgia,2022-12-31,1,0,5.56,0.0,0.0,2022,478.0
Germany,2020-01-31,3,0,1.4348387096774193,0.0,10.0,2020,4382.0
Germany,2020-02-29,7,0,10.15448275862069,0.0,12.0,2020,4382.0
Germany,2020-03-31,5,0,48.77451612903226,19.35483870967742,6.0,2020,4382.0
Germany,2020-04-30,14,0,76.85,62.5,6.0,2020,4382.0
Germany,2020-05-31,11,0,63.84193548387096,62.5,10.0,2020,4382.0
Germany,2020-06-30,3,0,61.327666666666666,62.5,14.0,2020,4382.0
Germany,2020-07-31,7,0,56.79387096774194,37.5,10.0,2020,4382.0
Germany,2020-08-31,8,0,57.92709677419355,37.5,12.0,2020,4382.0
Germany,2020-09-30,12,0,50.49633333333333,37.5,12.0,2020,4382.0
Germany,2020-10-31,13,0,55.214838709677416,37.5,8.0,2020,4382.0
Germany,2020-11-30,20,0,62.178666666666665,37.916666666666664,16.0,2020,4382.0
Germany,2020-12-31,7,0,75.47806451612904,33.87096774193548,2.0,2020,4382.0
Germany,2021-01-31,8,0,83.51129032258065,37.5,3.0,2021,4386.0
Germany,2021-02-28,7,0,82.86749999999999,37.5,2.0,2021,4386.0
Germany,2021-03-31,8,0,76.70387096774193,37.5,10.0,2021,4386.0
Germany,2021-04-30,18,0,75.0,37.5,4.0,2021,4386.0
Germany,2021-05-31,18,0,74.82064516129033,37.5,6.0,2021,4386.0
Germany,2021-06-30,16,0,69.44,37.5,7.0,2021,4386.0
Germany,2021-07-31,10,0,69.44,37.5,10.0,2021,4386.0
Germany,2021-08-31,7,0,55.86290322580645,37.5,5.0,2021,4386.0
Germany,2021-09-30,5,0,37.85066666666667,37.5,4.0,2021,4386.0
Germany,2021-10-31,6,0,30.33967741935484,37.5,4.0,2021,4386.0
Germany,2021-11-30,3,0,37.41566666666667,37.5,0.0,2021,4386.0
Germany,2021-12-31,10,0,42.91516129032258,37.5,2.0,2021,4386.0
Germany,2022-01-31,43,0,41.49322580645161,43.54838709677419,2.0,2022,4873.0
Germany,2022-02-28,11,0,38.66464285714285,100.0,2.0,2022,4873.0
Germany,2022-03-31,6,0,36.68483870967742,100.0,0.0,2022,4873.0
Germany,2022-04-30,8,0,16.02566666666667,100.0,0.0,2022,4873.0
Germany,2022-05-31,7,1,14.56,100.0,3.0,2022,4873.0
Germany,2022-06-30,5,0,14.56,100.0,2.0,2022,4873.0
Germany,2022-07-31,8,0,12.222903225806451,100.0,1.0,2022,4873.0
Germany,2022-08-31,2,0,11.11,100.0,2.0,2022,4873.0
Germany,2022-09-30,4,0,11.109999999999998,100.0,1.0,2022,4873.0
Germany,2022-10-31,10,0,11.11,100.0,5.0,2022,4873.0
Germany,2022-11-30,9,0,11.109999999999998,100.0,0.0,2022,4873.0
Germany,2022-12-31,19,0,11.11,100.0,0.0,2022,4873.0
Ghana,2020-01-31,3,0,0.7174193548387097,0.0,16.0,2020,179.0
Ghana,2020-02-29,4,0,2.78,0.0,10.0,2020,179.0
Ghana,2020-04-30,3,1,75.64966666666668,40.0,16.0,2020,179.0
Ghana,2020-05-31,2,0,62.04,50.0,17.0,2020,179.0
Ghana,2020-06-30,3,0,60.927,50.0,14.0,2020,179.0
Ghana,2020-07-31,1,0,57.255806451612905,7.258064516129032,21.0,2020,179.0
Ghana,2020-08-31,3,0,52.78,25.0,13.0,2020,179.0
Ghana,2020-09-30,4,0,44.43999999999999,25.0,11.0,2020,179.0
Ghana,2020-10-31,1,1,44.081935483870964,25.0,15.0,2020,179.0
Ghana,2020-12-31,6,2,38.89,25.0,23.0,2020,179.0
Ghana,2021-02-28,1,0,40.07928571428572,0.0,9.0,2021,100.0
Ghana,2021-03-31,1,1,49.43451612903226,0.0,7.0,2021,100.0
Ghana,2021-04-30,3,1,48.45666666666667,0.0,10.0,2021,100.0
Ghana,2021-05-31,1,0,43.12806451612904,0.0,7.0,2021,100.0
Ghana,2021-06-30,2,2,42.59,0.0,7.0,2021,100.0
Ghana,2021-07-31,2,0,42.59,0.0,5.0,2021,100.0
Ghana,2021-08-31,1,0,43.18677419354839,0.0,6.0,2021,100.0
Ghana,2021-09-30,1,0,40.74,0.0,4.0,2021,100.0
Ghana,2021-10-31,3,0,40.74,0.0,18.0,2021,100.0
Ghana,2021-11-30,2,1,39.998666666666665,0.0,7.0,2021,100.0
Ghana,2022-01-31,2,0,51.15387096774194,0.0,20.0,2022,78.0
Ghana,2022-02-28,2,1,50.815714285714286,0.0,7.0,2022,78.0
Ghana,2022-03-31,1,0,49.69,0.0,10.0,2022,78.0
Ghana,2022-04-30,2,2,48.06666666666667,0.0,9.0,2022,78.0
Ghana,2022-05-31,2,0,44.92322580645161,0.0,15.0,2022,78.0
Ghana,2022-06-30,2,0,44.251999999999995,0.0,10.0,2022,78.0
Ghana,2022-07-31,3,0,43.17032258064516,0.0,21.0,2022,78.0
Ghana,2022-08-31,1,0,41.488064516129036,0.0,15.0,2022,78.0
Ghana,2022-09-30,3,0,34.54966666666667,0.0,16.0,2022,78.0
Ghana,2022-10-31,2,0,33.818064516129034,0.0,13.0,2022,78.0
Ghana,2022-11-30,3,2,33.62133333333333,0.0,27.0,2022,78.0
Ghana,2022-12-31,4,2,33.43161290322581,0.0,12.0,2022,78.0
Greece,2020-01-31,3,0,0.0,0.0,9.0,2020,757.0
Greece,2020-02-29,1,0,2.202758620689655,0.0,16.0,2020,757.0
Greece,2020-03-31,1,0,54.65806451612904,14.112903225806452,33.0,2020,757.0
Greece,2020-04-30,3,0,84.26,50.0,9.0,2020,757.0
Greece,2020-05-31,3,0,70.75935483870968,50.0,7.0,2020,757.0
Greece,2020-06-30,4,0,51.84866666666667,62.5,5.0,2020,757.0
Greece,2020-08-31,3,0,56.13677419354839,85.08064516129032,3.0,2020,757.0
Greece,2020-09-30,3,0,60.53833333333333,87.5,5.0,2020,757.0
Greece,2020-10-31,3,0,56.4341935483871,87.5,5.0,2020,757.0
Greece,2020-11-30,9,0,75.52233333333334,87.5,2.0,2020,757.0
Greece,2020-12-31,6,0,83.54387096774194,87.5,6.0,2020,757.0
Greece,2021-01-31,5,0,81.75354838709679,87.5,6.0,2021,628.0
Greece,2021-02-28,7,0,81.08464285714285,87.5,14.0,2021,628.0
Greece,2021-03-31,5,3,88.44,87.5,16.0,2021,628.0
Greece,2021-04-30,1,0,84.627,87.5,5.0,2021,628.0
Greece,2021-05-31,4,0,67.5525806451613,87.5,7.0,2021,628.0
Greece,2021-06-30,1,0,58.109,87.5,7.0,2021,628.0
Greece,2021-07-31,2,0,58.398387096774194,87.5,2.0,2021,628.0
Greece,2021-09-30,4,2,68.93266666666666,87.5,10.0,2021,628.0
Greece,2021-10-31,4,0,71.37193548387097,87.5,18.0,2021,628.0
Greece,2021-11-30,2,0,71.298,87.5,13.0,2021,628.0
Greece,2021-12-31,3,0,73.25516129032258,87.5,10.0,2021,628.0
Greece,2022-01-31,3,0,74.14,92.74193548387096,16.0,2022,521.0
Greece,2022-02-28,3,0,66.76892857142857,100.0,11.0,2022,521.0
Greece,2022-03-31,1,0,54.359032258064516,100.0,6.0,2022,521.0
Greece,2022-04-30,4,0,54.325,100.0,9.0,2022,521.0
Greece,2022-05-31,3,0,25.02806451612903,100.0,12.0,2022,521.0
Greece,2022-06-30,2,0,24.07,100.0,9.0,2022,521.0
Greece,2022-07-31,1,0,18.635161290322582,100.0,11.0,2022,521.0
Greece,2022-08-31,3,0,11.11,100.0,2.0,2022,521.0
Greece,2022-09-30,5,7,11.109999999999998,100.0,7.0,2022,521.0
Greece,2022-10-31,5,0,11.11,100.0,10.0,2022,521.0
Greece,2022-11-30,2,0,11.109999999999998,100.0,10.0,2022,521.0
Greece,2022-12-31,3,1,11.11,100.0,13.0,2022,521.0
Guatemala,2020-03-31,1,1,57.049032258064514,0.0,48.0,2020,200.0
Guatemala,2020-05-31,1,0,96.3,75.0,46.0,2020,200.0
Guatemala,2020-06-30,1,1,96.3,75.0,55.0,2020,200.0
Guatemala,2020-07-31,1,0,94.80645161290323,75.0,66.0,2020,200.0
Guatemala,2020-08-31,1,0,87.04,75.0,59.0,2020,200.0
Guatemala,2021-03-31,2,2,52.95903225806452,50.0,56.0,2021,697.0
Guatemala,2021-04-30,1,0,49.81333333333334,50.0,60.0,2021,697.0
Guatemala,2021-05-31,1,7,51.85,50.0,64.0,2021,697.0
Guatemala,2021-06-30,1,0,51.85,50.0,52.0,2021,697.0
Guatemala,2021-10-31,1,0,50.4341935483871,75.0,57.0,2021,697.0
Guatemala,2021-11-30,1,0,47.129999999999995,75.0,39.0,2021,697.0
Guatemala,2021-12-31,1,0,56.79387096774193,75.0,49.0,2021,697.0
Guatemala,2022-01-31,2,0,52.50354838709677,66.53225806451613,77.0,2022,486.0
Guatemala,2022-05-31,2,0,45.32774193548387,60.483870967741936,65.0,2022,486.0
Guatemala,2022-06-30,1,0,43.06000000000001,0.0,63.0,2022,486.0
Guatemala,2022-07-31,1,1,41.02548387096774,0.0,88.0,2022,486.0
Guatemala,2022-11-30,1,0,36.57,0.0,59.0,2022,486.0
Guinea,2020-01-31,20,2,1.4338709677419355,0.0,10.0,2020,487.0
Guinea,2020-02-29,8,0,11.11,0.0,18.0,2020,487.0
Guinea,2020-03-31,7,6,25.239354838709676,0.0,10.0,2020,487.0
Guinea,2020-04-30,8,0,78.7,52.083333333333336,16.0,2020,487.0
Guinea,2020-05-31,5,0,78.7,62.5,15.0,2020,487.0
Guinea,2020-06-30,1,0,76.295,62.5,10.0,2020,487.0
Guinea,2020-07-31,3,1,75.8683870967742,62.5,5.0,2020,487.0
Guinea,2020-09-30,5,2,67.036,62.5,12.0,2020,487.0
Guinea,2020-10-31,2,2,54.79774193548387,0.0,30.0,2020,487.0
Guinea,2020-11-30,3,0,54.49433333333334,0.0,4.0,2020,487.0
Guinea,2020-12-31,3,1,43.248709677419356,0.0,11.0,2020,487.0
Guinea,2021-01-31,3,0,47.72806451612903,0.0,3.0,2021,148.0
Guinea,2021-02-28,3,0,51.05535714285714,0.0,5.0,2021,148.0
Guinea,2021-03-31,3,1,63.979032258064514,0.0,9.0,2021,148.0
Guinea,2021-04-30,2,0,62.656666666666666,0.0,12.0,2021,148.0
Guinea,2021-05-31,1,0,64.18451612903226,16.93548387096774,8.0,2021,148.0
Guinea,2021-06-30,2,0,62.04,0.0,5.0,2021,148.0
Guinea,2021-08-31,3,0,62.678064516129034,0.0,8.0,2021,148.0
Guinea,2021-09-30,1,0,64.44666666666667,0.0,2.0,2021,148.0
Guinea,2021-11-30,3,0,64.541,0.0,5.0,2021,148.0
Guinea,2021-12-31,3,0,64.45935483870967,0.0,3.0,2021,148.0
Guinea,2022-01-31,2,0,63.06032258064516,0.0,6.0,2022,161.0
Guinea,2022-02-28,3,1,57.6,0.0,5.0,2022,161.0
Guinea,2022-03-31,2,0,52.258709677419354,0.0,4.0,2022,161.0
Guinea,2022-05-31,2,1,49.59,0.0,5.0,2022,161.0
Guinea,2022-07-31,6,0,47.975806451612904,0.0,4.0,2022,161.0
Guinea,2022-08-31,2,0,41.196129032258064,0.0,3.0,2022,161.0
Guinea,2022-09-30,2,0,35.260666666666665,0.0,4.0,2022,161.0
Guinea,2022-10-31,2,0,26.572580645161292,0.0,6.0,2022,161.0
Guinea,2022-11-30,2,0,25.64,0.0,5.0,2022,161.0
Guinea,2022-12-31,3,1,25.46451612903226,0.0,7.0,2022,161.0
Guyana,2020-03-31,3,1,32.259354838709676,4.838709677419355,5.0,2020,102.0
Guyana,2020-05-31,4,0,87.04,25.0,1.0,2020,102.0
Guyana,2020-07-31,4,1,77.45967741935483,37.5,4.0,2020,102.0
Guyana,2020-09-30,1,0,75.75766666666667,25.0,3.0,2020,102.0
Guyana,2020-10-31,1,0,75.17935483870967,25.0,2.0,2020,102.0
Guyana,2021-04-30,1,0,60.18999999999999,50.0,1.0,2021,41.0
Guyana,2021-09-30,1,1,70.48066666666666,50.0,2.0,2021,41.0
Guyana,2021-12-31,1,0,71.81032258064516,50.0,1.0,2021,41.0
Guyana,2022-01-31,1,0,67.54741935483871,50.0,1.0,2022,65.0
Guyana,2022-06-30,2,1,25.84,25.0,2.0,2022,65.0
Guyana,2022-07-31,1,0,25.83,25.0,1.0,2022,65.0
Guyana,2022-11-30,1,0,18.52,25.0,1.0,2022,65.0
Haiti,2020-01-31,2,2,0.0,0.0,46.0,2020,423.0
Haiti,2020-02-29,2,0,2.4924137931034482,0.0,41.0,2020,423.0
Haiti,2020-03-31,2,0,42.26483870967742,8.064516129032258,45.0,2020,423.0
Haiti,2020-04-30,4,0,89.10333333333332,25.0,34.0,2020,423.0
Haiti,2020-05-31,3,0,89.81,25.0,40.0,2020,423.0
Haiti,2020-06-30,3,2,79.94166666666666,49.166666666666664,32.0,2020,423.0
Haiti,2020-07-31,3,0,54.925161290322585,50.0,56.0,2020,423.0
Haiti,2020-08-31,2,1,24.283870967741933,50.0,44.0,2020,423.0
Haiti,2020-09-30,6,0,29.94,50.0,41.0,2020,423.0
Haiti,2020-10-31,2,2,47.22,50.0,68.0,2020,423.0
Haiti,2020-11-30,5,2,45.925,50.0,60.0,2020,423.0
Haiti,2020-12-31,3,0,34.55741935483871,50.0,53.0,2020,423.0
Haiti,2021-01-31,7,0,33.24161290322581,50.0,68.0,2021,502.0
Haiti,2021-02-28,10,1,37.69857142857143,50.0,58.0,2021,502.0
Haiti,2021-03-31,6,3,34.37935483870968,50.0,49.0,2021,502.0
Haiti,2021-04-30,1,1,34.629999999999995,50.0,66.0,2021,502.0
Haiti,2021-05-31,2,3,37.06935483870967,50.0,48.0,2021,502.0
Haiti,2021-06-30,2,19,50.93,50.0,60.0,2021,502.0
Haiti,2021-07-31,1,0,51.10870967741935,50.0,31.0,2021,502.0
Haiti,2021-08-31,2,1,54.839999999999996,19.35483870967742,48.0,2021,502.0
Haiti,2021-09-30,4,13,64.81,25.0,53.0,2021,502.0
Haiti,2021-10-31,2,1,64.81,25.0,65.0,2021,502.0
Haiti,2021-12-31,3,2,59.73258064516129,25.0,53.0,2021,502.0
Haiti,2022-02-28,1,0,40.604285714285716,3.5714285714285716,59.0,2022,469.0
Haiti,2022-04-30,1,0,39.81000000000001,0.0,104.0,2022,469.0
Haiti,2022-05-31,2,2,39.81,0.0,116.0,2022,469.0
Haiti,2022-06-30,2,1,37.96,0.0,69.0,2022,469.0
Haiti,2022-07-31,2,0,34.26,0.0,128.0,2022,469.0
Haiti,2022-08-31,4,0,37.12451612903225,0.0,54.0,2022,469.0
Haiti,2022-09-30,15,12,39.81000000000001,0.0,64.0,2022,469.0
Haiti,2022-10-31,8,8,36.05032258064516,0.0,99.0,2022,469.0
Haiti,2022-11-30,3,0,34.07233333333333,0.0,63.0,2022,469.0
Haiti,2022-12-31,1,1,31.48,0.0,47.0,2022,469.0
Honduras,2020-01-31,1,0,0.0,0.0,91.0,2020,591.0
Honduras,2020-02-29,2,1,0.0,0.0,78.0,2020,591.0
Honduras,2020-03-31,2,0,57.854838709677416,0.0,53.0,2020,591.0
Honduras,2020-04-30,3,0,100.0,81.66666666666667,40.0,2020,591.0
Honduras,2020-05-31,6,1,100.0,87.5,42.0,2020,591.0
Honduras,2020-06-30,4,2,97.16333333333334,87.5,43.0,2020,591.0
Honduras,2020-07-31,1,0,96.3,87.5,68.0,2020,591.0
Honduras,2020-08-31,1,0,86.35064516129032,87.5,44.0,2020,591.0
Honduras,2020-09-30,1,0,77.52833333333334,82.91666666666667,38.0,2020,591.0
Honduras,2020-11-30,1,0,81.48,75.0,45.0,2020,591.0
Honduras,2021-01-31,1,1,86.88580645161291,75.0,57.0,2021,795.0
Honduras,2021-02-28,3,2,83.49821428571428,75.0,51.0,2021,795.0
Honduras,2021-05-31,1,0,93.52,62.5,64.0,2021,795.0
Honduras,2021-09-30,1,0,82.41,62.5,55.0,2021,795.0
Honduras,2022-04-30,1,0,36.46566666666667,62.5,49.0,2022,1110.0
Honduras,2022-05-31,2,0,30.78,62.5,56.0,2022,1110.0
Honduras,2022-06-30,1,0,30.493,62.5,49.0,2022,1110.0
Honduras,2022-11-30,1,0,23.15,75.0,62.0,2022,1110.0
Honduras,2022-12-31,1,0,23.15,75.0,51.0,2022,1110.0
Hungary,2020-03-31,1,0,48.266129032258064,22.580645161290324,0.0,2020,200.0
Hungary,2020-05-31,1,0,65.1441935483871,87.5,0.0,2020,200.0
Hungary,2020-11-30,1,0,65.98666666666666,33.75,0.0,2020,200.0
Hungary,2021-06-30,1,0,49.623333333333335,60.0,2.0,2021,128.0
Hungary,2022-03-31,1,0,14.44516129032258,87.5,2.0,2022,415.0
Hungary,2022-07-31,4,0,11.11,0.0,0.0,2022,415.0
Hungary,2022-10-31,1,0,11.11,0.0,0.0,2022,415.0
Iceland,2022-12-31,1,0,5.56,0.0,0.0,2022,28.0
India,2020-01-31,143,3,2.1516129032258062,0.0,198.0,2020,14552.0
India,2020-02-29,82,2,10.19,0.0,211.0,2020,14552.0
India,2020-03-31,82,5,52.35870967741935,59.67741935483871,282.0,2020,14552.0
India,2020-04-30,59,3,98.64333333333335,75.0,442.0,2020,14552.0
India,2020-05-31,78,5,83.32967741935484,75.0,313.0,2020,14552.0
India,2020-06-30,70,2,87.5,75.0,325.0,2020,14552.0
India,2020-07-31,55,2,87.5,50.0,242.0,2020,14552.0
India,2020-08-31,95,4,85.65,50.0,274.0,2020,14552.0
India,2020-09-30,126,8,75.64666666666668,50.0,260.0,2020,14552.0
India,2020-10-31,114,1,65.30516129032259,50.0,250.0,2020,14552.0
India,2020-11-30,95,2,61.266666666666666,50.0,250.0,2020,14552.0
India,2020-12-31,112,0,66.2,50.0,219.0,2020,14552.0
India,2021-01-31,87,2,65.48322580645161,50.0,188.0,2021,15549.0
India,2021-02-28,104,3,61.902142857142856,50.0,146.0,2021,15549.0
India,2021-03-31,64,9,59.30483870967742,50.0,185.0,2021,15549.0
India,2021-04-30,50,1,70.896,0.0,345.0,2021,15549.0
India,2021-05-31,45,3,79.52161290322582,21.774193548387096,281.0,2021,15549.0
India,2021-06-30,59,6,81.94,25.0,159.0,2021,15549.0
India,2021-07-31,109,5,79.91096774193548,25.0,153.0,2021,15549.0
India,2021-08-31,103,6,71.7925806451613,25.0,150.0,2021,15549.0
India,2021-09-30,91,4,64.70166666666667,25.0,112.0,2021,15549.0
India,2021-10-31,79,2,59.46741935483871,25.0,132.0,2021,15549.0
India,2021-11-30,43,7,52.60733333333334,25.0,137.0,2021,15549.0
India,2021-12-31,51,7,57.50806451612903,25.0,135.0,2021,15549.0
India,2022-01-31,45,2,72.13322580645162,25.0,179.0,2022,15344.0
India,2022-02-28,58,3,68.00214285714286,25.0,305.0,2022,15344.0
India,2022-03-31,62,3,49.696774193548386,25.0,289.0,2022,15344.0
India,2022-04-30,63,5,47.205333333333336,25.0,238.0,2022,15344.0
India,2022-05-31,55,7,37.04,25.0,188.0,2022,15344.0
India,2022-06-30,113,0,37.04,25.0,158.0,2022,15344.0
India,2022-07-31,73,1,37.04,25.0,162.0,2022,15344.0
India,2022-08-31,80,7,31.659354838709678,0.8064516129032258,184.0,2022,15344.0
India,2022-09-30,65,3,31.48,0.0,205.0,2022,15344.0
India,2022-10-31,59,0,31.48,0.0,159.0,2022,15344.0
India,2022-11-30,57,6,30.646,0.0,127.0,2022,15344.0
India,2022-12-31,49,6,28.7,0.0,128.0,2022,15344.0
Indonesia,2020-01-31,7,1,6.990322580645161,0.0,19.0,2020,1654.0
Indonesia,2020-02-29,9,3,27.295862068965516,0.0,20.0,2020,1654.0
Indonesia,2020-03-31,9,0,41.817419354838705,0.0,21.0,2020,1654.0
Indonesia,2020-04-30,15,5,68.42666666666668,25.0,34.0,2020,1654.0
Indonesia,2020-05-31,12,3,73.82193548387097,25.0,31.0,2020,1654.0
Indonesia,2020-06-30,8,2,68.738,25.0,18.0,2020,1654.0
Indonesia,2020-07-31,32,3,62.5,25.0,22.0,2020,1654.0
Indonesia,2020-08-31,17,5,60.61677419354838,25.0,28.0,2020,1654.0
Indonesia,2020-09-30,20,5,65.95666666666666,36.25,28.0,2020,1654.0
Indonesia,2020-10-31,34,2,58.946451612903225,37.5,29.0,2020,1654.0
Indonesia,2020-11-30,13,5,59.726,37.5,14.0,2020,1654.0
Indonesia,2020-12-31,11,1,65.54903225806451,37.5,17.0,2020,1654.0
Indonesia,2021-01-31,4,1,68.06,37.5,16.0,2021,1820.0
Indonesia,2021-02-28,10,5,68.06,37.5,28.0,2021,1820.0
Indonesia,2021-03-31,17,2,71.76,37.5,17.0,2021,1820.0
Indonesia,2021-04-30,8,1,71.76,37.5,23.0,2021,1820.0
Indonesia,2021-05-31,22,3,71.76,37.5,38.0,2021,1820.0
Indonesia,2021-06-30,11,4,71.76,37.5,23.0,2021,1820.0
Indonesia,2021-07-31,24,0,71.61903225806452,37.5,36.0,2021,1820.0
Indonesia,2021-08-31,15,1,71.47483870967743,37.5,26.0,2021,1820.0
Indonesia,2021-09-30,18,0,70.43566666666668,37.5,37.0,2021,1820.0
Indonesia,2021-10-31,16,1,61.93677419354839,37.5,36.0,2021,1820.0
Indonesia,2021-11-30,12,0,60.69433333333333,37.5,23.0,2021,1820.0
Indonesia,2021-12-31,11,2,64.2625806451613,37.5,12.0,2021,1820.0
Indonesia,2022-01-31,7,1,61.89870967741936,37.5,20.0,2022,3173.0
Indonesia,2022-02-28,10,4,60.67428571428571,37.5,15.0,2022,3173.0
Indonesia,2022-03-31,4,0,52.82322580645161,37.5,21.0,2022,3173.0
Indonesia,2022-04-30,20,3,47.400999999999996,37.5,25.0,2022,3173.0
Indonesia,2022-05-31,7,2,42.50967741935484,37.5,22.0,2022,3173.0
Indonesia,2022-06-30,13,3,32.87433333333333,52.5,19.0,2022,3173.0
Indonesia,2022-07-31,9,2,29.871935483870967,87.5,17.0,2022,3173.0
Indonesia,2022-08-31,13,6,26.534193548387098,100.0,14.0,2022,3173.0
Indonesia,2022-09-30,19,3,29.942,100.0,25.0,2022,3173.0
Indonesia,2022-10-31,8,2,29.90064516129032,100.0,15.0,2022,3173.0
Indonesia,2022-11-30,16,1,32.17633333333333,100.0,21.0,2022,3173.0
Indonesia,2022-12-31,8,0,30.956774193548387,100.0,18.0,2022,3173.0
Iran,2020-01-31,29,179,0.0,0.0,11.0,2020,1983.0
Iran,2020-02-29,5,4,4.533793103448276,0.0,6.0,2020,1983.0
Iran,2020-03-31,5,1,46.83451612903225,27.419354838709676,19.0,2020,1983.0
Iran,2020-04-30,6,2,54.568,60.0,4.0,2020,1983.0
Iran,2020-05-31,9,12,48.71451612903226,62.5,15.0,2020,1983.0
Iran,2020-06-30,10,8,43.516666666666666,62.5,11.0,2020,1983.0
Iran,2020-07-31,17,12,52.94483870967742,62.5,22.0,2020,1983.0
Iran,2020-08-31,20,16,60.32354838709677,62.5,33.0,2020,1983.0
Iran,2020-09-30,15,13,57.224666666666664,62.5,24.0,2020,1983.0
Iran,2020-10-31,28,8,63.635161290322586,10.080645161290322,30.0,2020,1983.0
Iran,2020-11-30,12,11,71.45,12.5,22.0,2020,1983.0
Iran,2020-12-31,10,7,72.69,37.5,11.0,2020,1983.0
Iran,2021-01-31,10,3,76.62870967741935,37.5,8.0,2021,3986.0
Iran,2021-02-28,12,9,81.41142857142857,37.5,12.0,2021,3986.0
Iran,2021-03-31,7,3,82.34354838709677,37.5,11.0,2021,3986.0
Iran,2021-04-30,8,2,82.46666666666667,37.5,14.0,2021,3986.0
Iran,2021-05-31,24,11,76.0141935483871,37.5,28.0,2021,3986.0
Iran,2021-06-30,11,11,74.75566666666667,37.5,25.0,2021,3986.0
Iran,2021-07-31,38,10,68.06,37.5,25.0,2021,3986.0
Iran,2021-08-31,16,7,70.23774193548387,37.5,23.0,2021,3986.0
Iran,2021-09-30,19,8,71.45333333333333,37.5,20.0,2021,3986.0
Iran,2021-10-31,11,2,73.91225806451614,37.5,14.0,2021,3986.0
Iran,2021-11-30,14,11,66.94699999999999,37.5,14.0,2021,3986.0
Iran,2021-12-31,10,4,59.333225806451615,37.5,12.0,2021,3986.0
Iran,2022-01-31,24,12,55.347096774193545,37.5,18.0,2022,4280.0
Iran,2022-02-28,11,4,62.04,37.5,11.0,2022,4280.0
Iran,2022-03-31,19,11,62.04,37.5,18.0,2022,4280.0
Iran,2022-04-30,14,3,59.751666666666665,37.5,15.0,2022,4280.0
Iran,2022-05-31,31,8,58.58354838709677,37.5,14.0,2022,4280.0
Iran,2022-06-30,11,3,54.742333333333335,37.5,14.0,2022,4280.0
Iran,2022-07-31,28,9,53.76451612903226,37.5,22.0,2022,4280.0
Iran,2022-08-31,9,3,53.99161290322581,37.5,14.0,2022,4280.0
Iran,2022-09-30,81,21,53.95666666666667,37.5,32.0,2022,4280.0
Iran,2022-10-31,123,31,53.943548387096776,2.4193548387096775,57.0,2022,4280.0
Iran,2022-11-30,84,42,53.93999999999999,0.0,57.0,2022,4280.0
Iran,2022-12-31,44,21,53.94,0.0,30.0,2022,4280.0
Iraq,2020-01-31,14,13,0.0,0.0,216.0,2020,2225.0
Iraq,2020-02-29,7,2,11.558275862068966,0.0,197.0,2020,2225.0
Iraq,2020-03-31,2,1,76.04548387096774,0.0,175.0,2020,2225.0
Iraq,2020-04-30,1,0,92.59666666666666,0.0,183.0,2020,2225.0
Iraq,2020-05-31,2,0,85.27709677419355,24.193548387096776,252.0,2020,2225.0
Iraq,2020-06-30,5,1,92.59,50.0,330.0,2020,2225.0
Iraq,2020-07-31,14,1,92.70967741935483,50.0,372.0,2020,2225.0
Iraq,2020-08-31,9,1,91.60548387096775,50.0,377.0,2020,2225.0
Iraq,2020-09-30,7,5,72.00566666666667,50.0,352.0,2020,2225.0
Iraq,2020-10-31,7,2,58.42225806451613,50.0,334.0,2020,2225.0
Iraq,2020-11-30,9,1,51.60333333333334,50.0,320.0,2020,2225.0
Iraq,2020-12-31,8,0,49.940322580645166,50.0,342.0,2020,2225.0
Iraq,2021-01-31,7,0,51.01161290322581,50.0,244.0,2021,1753.0
Iraq,2021-02-28,5,0,58.298928571428576,50.0,262.0,2021,1753.0
Iraq,2021-03-31,6,0,79.06096774193549,38.70967741935484,257.0,2021,1753.0
Iraq,2021-04-30,4,0,73.38033333333334,37.5,427.0,2021,1753.0
Iraq,2021-05-31,8,3,77.31,37.5,592.0,2021,1753.0
Iraq,2021-06-30,6,0,68.83866666666667,37.5,501.0,2021,1753.0
Iraq,2021-07-31,3,1,75.93,37.5,481.0,2021,1753.0
Iraq,2021-08-31,4,1,75.93,37.5,606.0,2021,1753.0
Iraq,2021-09-30,7,3,75.93,37.5,518.0,2021,1753.0
Iraq,2021-10-31,5,1,75.93,37.5,420.0,2021,1753.0
Iraq,2021-11-30,6,0,68.52,37.5,278.0,2021,1753.0
Iraq,2021-12-31,2,0,68.52,37.5,360.0,2021,1753.0
Iraq,2022-01-31,5,0,67.68225806451613,0.0,293.0,2022,1127.0
Iraq,2022-02-28,4,0,64.2675,0.0,243.0,2022,1127.0
Iraq,2022-03-31,4,1,44.847096774193545,0.0,249.0,2022,1127.0
Iraq,2022-04-30,2,0,38.284666666666666,0.0,540.0,2022,1127.0
Iraq,2022-05-31,2,0,34.80806451612903,0.0,705.0,2022,1127.0
Iraq,2022-06-30,7,3,29.741333333333333,0.0,601.0,2022,1127.0
Iraq,2022-07-31,5,0,31.862580645161287,0.0,632.0,2022,1127.0
Iraq,2022-08-31,5,0,34.541935483870965,0.0,605.0,2022,1127.0
Iraq,2022-09-30,2,0,34.54,0.0,592.0,2022,1127.0
Iraq,2022-10-31,5,0,34.53354838709677,0.0,543.0,2022,1127.0
Iraq,2022-11-30,8,0,34.53,0.0,450.0,2022,1127.0
Iraq,2022-12-31,3,0,27.616451612903226,0.0,471.0,2022,1127.0
Ireland,2020-07-31,1,0,44.44,100.0,0.0,2020,283.0
Ireland,2020-08-31,1,0,60.21290322580645,100.0,4.0,2020,283.0
Ireland,2020-09-30,1,0,61.542,100.0,3.0,2020,283.0
Ireland,2020-10-31,1,0,63.91612903225807,100.0,1.0,2020,283.0
Ireland,2021-01-31,2,0,86.44096774193548,100.0,0.0,2021,219.0
Ireland,2021-03-31,3,0,84.26,100.0,0.0,2021,219.0
Ireland,2021-04-30,2,0,81.91666666666667,100.0,0.0,2021,219.0
Ireland,2021-05-31,1,0,62.818064516129034,100.0,0.0,2021,219.0
Ireland,2021-07-31,1,0,41.38387096774194,100.0,0.0,2021,219.0
Ireland,2021-11-30,1,0,41.54533333333333,100.0,0.0,2021,219.0
Ireland,2022-06-30,1,0,5.56,0.0,0.0,2022,279.0
Israel,2020-02-29,1,0,17.525862068965516,0.0,30.0,2020,1314.0
Israel,2020-03-31,3,0,58.54096774193548,33.87096774193548,6.0,2020,1314.0
Israel,2020-04-30,5,0,89.35099999999998,100.0,17.0,2020,1314.0
Israel,2020-05-31,4,0,77.30129032258066,100.0,6.0,2020,1314.0
Israel,2020-06-30,5,0,74.81466666666667,100.0,6.0,2020,1314.0
Israel,2020-07-31,2,0,63.770322580645164,100.0,4.0,2020,1314.0
Israel,2020-08-31,8,0,42.44258064516129,100.0,66.0,2020,1314.0
Israel,2020-09-30,3,0,57.56066666666666,100.0,3.0,2020,1314.0
Israel,2020-10-31,6,0,79.63387096774194,83.06451612903226,22.0,2020,1314.0
Israel,2020-11-30,18,0,63.239999999999995,75.0,11.0,2020,1314.0
Israel,2020-12-31,7,0,71.02774193548386,75.0,4.0,2020,1314.0
Israel,2021-01-31,8,0,84.7116129032258,75.0,24.0,2021,1125.0
Israel,2021-02-28,8,2,68.42214285714286,75.0,5.0,2021,1125.0
Israel,2021-03-31,5,1,56.25483870967742,75.0,9.0,2021,1125.0
Israel,2021-04-30,7,0,53.993,75.0,28.0,2021,1125.0
Israel,2021-05-31,14,0,47.5258064516129,75.0,162.0,2021,1125.0
Israel,2021-06-30,9,0,27.46833333333333,75.0,23.0,2021,1125.0
Israel,2021-07-31,11,1,32.71322580645161,75.0,16.0,2021,1125.0
Israel,2021-08-31,5,0,47.76516129032258,75.0,13.0,2021,1125.0
Israel,2021-09-30,8,0,52.12166666666667,75.0,8.0,2021,1125.0
Israel,2021-10-31,10,0,51.958064516129035,75.0,5.0,2021,1125.0
Israel,2021-11-30,8,0,50.032000000000004,75.0,10.0,2021,1125.0
Israel,2021-12-31,5,0,49.02032258064516,75.0,11.0,2021,1125.0
Israel,2022-01-31,6,0,44.77483870967742,75.0,16.0,2022,800.0
Israel,2022-02-28,8,0,39.94285714285714,75.0,4.0,2022,800.0
Israel,2022-03-31,2,0,18.786774193548386,75.0,19.0,2022,800.0
Israel,2022-04-30,5,0,17.59,75.0,16.0,2022,800.0
Israel,2022-05-31,6,0,16.603548387096776,75.0,8.0,2022,800.0
Israel,2022-06-30,1,0,14.81,75.0,5.0,2022,800.0
Israel,2022-07-31,2,0,14.81,75.0,7.0,2022,800.0
Israel,2022-08-31,2,0,14.81,75.0,23.0,2022,800.0
Israel,2022-09-30,2,0,14.81,75.0,9.0,2022,800.0
Israel,2022-10-31,1,0,14.81,75.0,7.0,2022,800.0
Israel,2022-11-30,2,0,14.81,75.0,12.0,2022,800.0
Israel,2022-12-31,5,0,14.81,75.0,7.0,2022,800.0
Italy,2020-01-31,2,0,1.5235483870967743,0.0,13.0,2020,5687.0
Italy,2020-02-29,2,0,31.174827586206895,0.0,19.0,2020,5687.0
Italy,2020-03-31,7,0,80.42451612903226,20.161290322580644,6.0,2020,5687.0
Italy,2020-04-30,8,0,90.65033333333332,50.0,13.0,2020,5687.0
Italy,2020-05-31,3,0,73.68451612903226,50.0,9.0,2020,5687.0
Italy,2020-06-30,7,0,67.59,74.16666666666667,7.0,2020,5687.0
Italy,2020-07-31,5,0,66.9932258064516,75.0,13.0,2020,5687.0
Italy,2020-08-31,3,0,66.60516129032257,75.0,10.0,2020,5687.0
Italy,2020-09-30,3,0,65.80333333333333,75.0,13.0,2020,5687.0
Italy,2020-10-31,7,0,68.01032258064517,75.0,7.0,2020,5687.0
Italy,2020-11-30,4,0,81.79166666666667,75.0,4.0,2020,5687.0
Italy,2020-12-31,2,0,80.85741935483871,75.0,6.0,2020,5687.0
Italy,2021-01-31,2,0,76.55064516129032,75.0,8.0,2021,7470.0
Italy,2021-02-28,3,0,75.925,75.0,5.0,2021,7470.0
Italy,2021-03-31,5,0,79.3316129032258,75.0,6.0,2021,7470.0
Italy,2021-04-30,5,0,78.671,75.0,7.0,2021,7470.0
Italy,2021-05-31,4,0,70.54903225806451,75.0,11.0,2021,7470.0
Italy,2021-06-30,3,0,70.83666666666666,75.0,16.0,2021,7470.0
Italy,2021-07-31,4,0,61.310967741935485,75.0,8.0,2021,7470.0
Italy,2021-08-31,3,0,53.791935483870965,75.0,8.0,2021,7470.0
Italy,2021-09-30,6,0,57.343333333333334,75.0,5.0,2021,7470.0
Italy,2021-10-31,10,0,52.417419354838714,75.0,10.0,2021,7470.0
Italy,2021-11-30,4,0,49.84533333333333,75.0,7.0,2021,7470.0
Italy,2021-12-31,10,0,50.693548387096776,75.0,4.0,2021,7470.0
Italy,2022-01-31,9,0,53.027096774193545,75.0,2.0,2022,4694.0
Italy,2022-02-28,7,0,48.96821428571428,75.0,6.0,2022,4694.0
Italy,2022-03-31,2,0,43.69967741935484,75.0,3.0,2022,4694.0
Italy,2022-04-30,3,0,36.44666666666667,50.0,4.0,2022,4694.0
Italy,2022-05-31,4,0,22.52032258064516,50.0,4.0,2022,4694.0
Italy,2022-06-30,10,0,19.219999999999995,50.0,10.0,2022,4694.0
Italy,2022-07-31,3,0,19.22,50.0,4.0,2022,4694.0
Italy,2022-08-31,3,0,19.22,48.38709677419355,3.0,2022,4694.0
Italy,2022-09-30,4,0,15.51,25.0,4.0,2022,4694.0
Italy,2022-10-31,13,0,15.51,25.0,4.0,2022,4694.0
Italy,2022-11-30,9,0,18.346666666666668,25.0,2.0,2022,4694.0
Italy,2022-12-31,5,0,19.568709677419356,25.0,8.0,2022,4694.0
Jamaica,2020-01-31,2,1,0.26870967741935486,0.0,23.0,2020,27.0
Jamaica,2020-02-29,1,1,17.907586206896553,0.0,23.0,2020,27.0
Jamaica,2020-04-30,1,0,88.30266666666667,43.333333333333336,20.0,2020,27.0
Jamaica,2020-05-31,1,1,89.81,50.0,18.0,2020,27.0
Jamaica,2020-06-30,3,1,80.68066666666667,50.0,24.0,2020,27.0
Jamaica,2020-07-31,3,2,73.95709677419354,50.0,22.0,2020,27.0
Jamaica,2021-03-31,1,0,71.74677419354839,50.0,22.0,2021,64.0
Jamaica,2021-04-30,1,1,73.60833333333333,50.0,21.0,2021,64.0
Jamaica,2021-05-31,3,1,75.14677419354838,50.0,18.0,2021,64.0
Jamaica,2021-06-30,1,2,72.484,28.333333333333332,31.0,2021,64.0
Jamaica,2021-07-31,1,1,67.29548387096774,0.0,25.0,2021,64.0
Jamaica,2021-09-30,3,1,79.31733333333334,0.0,26.0,2021,64.0
Jamaica,2022-01-31,1,0,73.7267741935484,0.0,22.0,2022,147.0
Jamaica,2022-02-28,2,1,70.66714285714286,0.0,22.0,2022,147.0
Jamaica,2022-04-30,2,1,17.13,0.0,25.0,2022,147.0
Jamaica,2022-05-31,2,0,11.11,0.0,36.0,2022,147.0
Jamaica,2022-06-30,1,0,11.109999999999998,0.0,35.0,2022,147.0
Jamaica,2022-07-31,1,1,11.11,0.0,28.0,2022,147.0
Jamaica,2022-08-31,5,2,11.11,0.0,45.0,2022,147.0
Jamaica,2022-09-30,5,4,11.109999999999998,0.0,39.0,2022,147.0
Jamaica,2022-10-31,3,1,11.11,0.0,41.0,2022,147.0
Jamaica,2022-11-30,1,1,11.109999999999998,0.0,28.0,2022,147.0
Japan,2020-01-31,4,0,2.2419354838709675,0.0,0.0,2020,1550.0
Japan,2020-02-29,3,0,21.80448275862069,0.0,0.0,2020,1550.0
Japan,2020-03-31,2,0,41.15870967741936,25.806451612903224,0.0,2020,1550.0
Japan,2020-05-31,2,0,41.994193548387095,75.0,0.0,2020,1550.0
Japan,2020-06-30,2,0,27.776666666666664,88.33333333333333,0.0,2020,1550.0
Japan,2020-07-31,4,0,27.99032258064516,100.0,0.0,2020,1550.0
Japan,2020-09-30,11,0,34.355999999999995,100.0,0.0,2020,1550.0
Japan,2020-10-31,3,0,35.19,100.0,0.0,2020,1550.0
Japan,2020-11-30,1,0,36.669999999999995,100.0,0.0,2020,1550.0
Japan,2020-12-31,4,0,42.94870967741936,100.0,0.0,2020,1550.0
Japan,2021-02-28,1,0,49.63928571428572,100.0,0.0,2021,1429.0
Japan,2021-04-30,1,0,45.36866666666666,100.0,0.0,2021,1429.0
Japan,2021-05-31,1,0,49.07,100.0,0.0,2021,1429.0
Japan,2021-07-31,3,0,51.08774193548387,100.0,0.0,2021,1429.0
Japan,2021-09-30,1,0,51.63166666666667,100.0,0.0,2021,1429.0
Japan,2021-11-30,2,0,47.22,100.0,0.0,2021,1429.0
Jordan,2020-02-29,1,0,0.0,0.0,6.0,2020,306.0
Jordan,2020-06-30,2,0,53.08833333333333,37.5,2.0,2020,306.0
Jordan,2020-07-31,2,0,48.15,37.5,5.0,2020,306.0
Jordan,2020-08-31,1,0,56.90225806451613,37.5,5.0,2020,306.0
Jordan,2020-09-30,1,0,66.08,37.5,4.0,2020,306.0
Jordan,2021-01-31,3,0,79.1525806451613,37.5,1.0,2021,362.0
Jordan,2021-02-28,2,0,59.92142857142857,32.142857142857146,3.0,2021,362.0
Jordan,2021-03-31,9,0,76.2825806451613,12.5,9.0,2021,362.0
Jordan,2021-05-31,3,0,50.41645161290323,12.5,2.0,2021,362.0
Jordan,2021-07-31,1,0,51.85,25.0,4.0,2021,362.0
Jordan,2021-08-31,1,0,57.05129032258064,25.0,4.0,2021,362.0
Jordan,2021-10-31,1,0,22.25322580645161,25.0,1.0,2021,362.0
Jordan,2021-11-30,1,0,25.368333333333332,25.0,2.0,2021,362.0
Jordan,2022-01-31,1,0,34.26,25.0,0.0,2022,421.0
Jordan,2022-03-31,5,0,20.37,25.0,2.0,2022,421.0
Jordan,2022-05-31,1,0,20.37,25.0,1.0,2022,421.0
Jordan,2022-06-30,3,0,15.122666666666667,25.0,2.0,2022,421.0
Jordan,2022-07-31,2,0,11.11,25.0,7.0,2022,421.0
Jordan,2022-09-30,1,0,11.109999999999998,50.0,2.0,2022,421.0
Jordan,2022-10-31,1,0,3.583870967741935,16.129032258064516,5.0,2022,421.0
Jordan,2022-11-30,1,0,0.0,0.0,5.0,2022,421.0
Jordan,2022-12-31,6,0,0.0,0.0,7.0,2022,421.0
Kazakhstan,2020-02-29,7,0,8.33,0.0,8.0,2020,814.0
Kazakhstan,2020-03-31,6,0,45.11419354838709,15.32258064516129,0.0,2020,814.0
Kazakhstan,2020-04-30,3,0,92.12999999999998,37.5,1.0,2020,814.0
Kazakhstan,2020-05-31,2,0,85.17032258064515,29.032258064516128,3.0,2020,814.0
Kazakhstan,2020-06-30,13,0,81.02,25.0,2.0,2020,814.0
Kazakhstan,2020-07-31,4,0,82.94258064516129,31.451612903225808,3.0,2020,814.0
Kazakhstan,2020-09-30,5,0,76.67033333333333,25.0,2.0,2020,814.0
Kazakhstan,2020-10-31,6,1,72.31548387096775,25.0,6.0,2020,814.0
Kazakhstan,2020-11-30,4,0,68.67233333333334,25.0,4.0,2020,814.0
Kazakhstan,2020-12-31,3,0,73.6858064516129,24.193548387096776,4.0,2020,814.0
Kazakhstan,2021-01-31,8,0,72.01612903225806,0.0,5.0,2021,988.0
Kazakhstan,2021-02-28,9,0,67.19642857142857,37.5,5.0,2021,988.0
Kazakhstan,2021-03-31,16,0,62.51774193548387,0.0,9.0,2021,988.0
Kazakhstan,2021-04-30,5,0,67.77733333333333,0.0,2.0,2021,988.0
Kazakhstan,2021-05-31,6,0,68.6090322580645,0.0,2.0,2021,988.0
Kazakhstan,2021-06-30,2,1,67.22266666666665,62.5,3.0,2021,988.0
Kazakhstan,2021-07-31,6,0,63.85999999999999,17.338709677419356,4.0,2021,988.0
Kazakhstan,2021-08-31,2,0,60.88903225806452,0.4032258064516129,4.0,2021,988.0
Kazakhstan,2021-09-30,6,0,74.10466666666666,0.0,4.0,2021,988.0
Kazakhstan,2021-10-31,8,0,66.9941935483871,0.0,7.0,2021,988.0
Kazakhstan,2021-11-30,10,0,65.184,0.0,6.0,2021,988.0
Kazakhstan,2021-12-31,9,2,65.11225806451613,0.0,4.0,2021,988.0
Kazakhstan,2022-01-31,100,35,65.53129032258065,0.0,97.0,2022,915.0
Kazakhstan,2022-02-28,9,0,61.64,0.0,8.0,2022,915.0
Kazakhstan,2022-03-31,4,0,56.031612903225806,0.0,2.0,2022,915.0
Kazakhstan,2022-04-30,5,0,24.225666666666665,0.0,1.0,2022,915.0
Kazakhstan,2022-05-31,4,0,18.726774193548387,0.0,1.0,2022,915.0
Kazakhstan,2022-06-30,5,0,11.758666666666667,0.0,4.0,2022,915.0
Kazakhstan,2022-07-31,7,1,11.11,0.0,6.0,2022,915.0
Kazakhstan,2022-08-31,10,2,5.56,0.0,10.0,2022,915.0
Kazakhstan,2022-09-30,2,0,5.56,0.0,3.0,2022,915.0
Kazakhstan,2022-10-31,10,0,5.56,0.0,8.0,2022,915.0
Kazakhstan,2022-11-30,8,0,5.56,0.0,2.0,2022,915.0
Kazakhstan,2022-12-31,10,0,5.56,0.0,7.0,2022,915.0
Kenya,2020-01-31,4,0,1.0761290322580646,0.0,30.0,2020,255.0
Kenya,2020-02-29,1,0,4.69551724137931,0.0,24.0,2020,255.0
Kenya,2020-03-31,20,7,46.59612903225806,16.93548387096774,34.0,2020,255.0
Kenya,2020-04-30,14,5,88.58166666666666,50.0,35.0,2020,255.0
Kenya,2020-05-31,15,8,88.89,50.0,35.0,2020,255.0
Kenya,2020-06-30,9,6,86.57333333333332,50.0,22.0,2020,255.0
Kenya,2020-07-31,8,3,82.37612903225808,50.0,31.0,2020,255.0
Kenya,2020-08-31,13,1,71.89451612903225,50.0,20.0,2020,255.0
Kenya,2020-09-30,3,0,69.012,50.0,19.0,2020,255.0
Kenya,2020-10-31,7,1,46.777419354838706,12.903225806451612,23.0,2020,255.0
Kenya,2020-11-30,3,3,51.10966666666666,0.0,27.0,2020,255.0
Kenya,2020-12-31,4,2,57.41,25.0,18.0,2020,255.0
Kenya,2021-01-31,4,0,53.52290322580645,25.0,38.0,2021,239.0
Kenya,2021-02-28,2,0,50.93,25.0,10.0,2021,239.0
Kenya,2021-03-31,5,1,53.16935483870968,25.0,15.0,2021,239.0
Kenya,2021-04-30,1,0,70.33933333333333,33.333333333333336,11.0,2021,239.0
Kenya,2021-05-31,8,1,74.07,50.0,31.0,2021,239.0
Kenya,2021-06-30,9,3,67.52933333333333,50.0,32.0,2021,239.0
Kenya,2021-07-31,5,0,63.2283870967742,50.0,37.0,2021,239.0
Kenya,2021-08-31,11,2,54.34774193548387,50.0,29.0,2021,239.0
Kenya,2021-09-30,7,2,56.02,50.0,45.0,2021,239.0
Kenya,2021-10-31,5,0,46.25290322580645,30.64516129032258,43.0,2021,239.0
Kenya,2021-11-30,5,1,37.69766666666667,0.0,44.0,2021,239.0
Kenya,2021-12-31,3,1,45.70258064516129,0.0,53.0,2021,239.0
Kenya,2022-01-31,5,1,53.51096774193548,0.0,70.0,2022,672.0
Kenya,2022-02-28,7,3,52.40392857142857,0.0,79.0,2022,672.0
Kenya,2022-03-31,6,0,52.788387096774194,0.0,99.0,2022,672.0
Kenya,2022-04-30,9,0,51.52,0.0,80.0,2022,672.0
Kenya,2022-05-31,7,0,49.65774193548388,0.0,67.0,2022,672.0
Kenya,2022-06-30,10,5,44.68333333333333,0.0,86.0,2022,672.0
Kenya,2022-07-31,5,2,37.75774193548387,0.0,103.0,2022,672.0
Kenya,2022-08-31,20,0,33.68645161290323,0.0,108.0,2022,672.0
Kenya,2022-09-30,3,1,36.015,0.0,54.0,2022,672.0
Kenya,2022-10-31,4,4,27.49774193548387,22.580645161290324,75.0,2022,672.0
Kenya,2022-11-30,5,0,25.589333333333336,20.833333333333332,101.0,2022,672.0
Kenya,2022-12-31,12,8,22.001612903225805,0.0,72.0,2022,672.0
Kosovo,2020-10-31,1,0,53.25806451612903,62.5,1.0,2020,93.0
Kosovo,2021-01-31,1,0,72.79161290322581,62.5,0.0,2021,138.0
Kosovo,2021-05-31,3,0,45.84838709677419,62.5,0.0,2021,138.0
Kosovo,2021-07-31,1,0,42.80258064516129,12.5,2.0,2021,138.0
Kosovo,2021-09-30,3,0,51.202666666666666,12.5,3.0,2021,138.0
Kosovo,2022-05-31,1,0,32.71064516129032,0.0,1.0,2022,133.0
Kuwait,2020-05-31,1,0,96.22193548387096,32.66129032258065,0.0,2020,14.0
Kuwait,2020-07-31,1,0,81.77645161290322,37.5,0.0,2020,14.0
Laos,2022-01-31,1,0,69.0516129032258,87.5,0.0,2022,2.0
Latvia,2020-05-31,1,0,57.79741935483871,66.93548387096774,0.0,2020,69.0
Latvia,2020-08-31,1,0,44.534516129032255,50.0,0.0,2020,69.0
Latvia,2020-12-31,1,0,56.48096774193549,100.0,0.0,2020,69.0
Latvia,2021-01-31,1,0,61.31903225806451,100.0,0.0,2021,63.0
Latvia,2021-06-30,1,0,45.55733333333333,75.0,0.0,2021,63.0
Latvia,2021-08-31,1,0,41.67,0.0,0.0,2021,63.0
Latvia,2022-08-31,2,0,11.11,0.0,0.0,2022,47.0
Latvia,2022-10-31,1,0,8.782580645161291,0.0,0.0,2022,47.0
Lebanon,2020-01-31,9,0,0.0,0.0,18.0,2020,2743.0
Lebanon,2020-02-29,1,0,4.597931034482759,0.0,9.0,2020,2743.0
Lebanon,2020-03-31,7,0,58.15548387096774,0.0,7.0,2020,2743.0
Lebanon,2020-04-30,16,0,84.69533333333334,19.166666666666668,16.0,2020,2743.0
Lebanon,2020-05-31,7,0,78.85483870967742,25.0,26.0,2020,2743.0
Lebanon,2020-06-30,5,0,74.07,25.0,12.0,2020,2743.0
Lebanon,2020-08-31,7,0,55.37516129032259,50.0,26.0,2020,2743.0
Lebanon,2020-09-30,2,0,72.90066666666667,50.0,16.0,2020,2743.0
Lebanon,2020-10-31,3,0,70.13129032258065,50.0,15.0,2020,2743.0
Lebanon,2020-11-30,1,0,79.01466666666667,50.0,17.0,2020,2743.0
Lebanon,2021-01-31,5,0,83.54451612903226,50.0,13.0,2021,2879.0
Lebanon,2021-02-28,3,0,91.73107142857144,50.0,14.0,2021,2879.0
Lebanon,2021-03-31,1,0,89.36451612903227,50.0,20.0,2021,2879.0
Lebanon,2021-04-30,1,0,80.21666666666667,50.0,22.0,2021,2879.0
Lebanon,2021-05-31,2,0,75.73516129032258,50.0,32.0,2021,2879.0
Lebanon,2021-06-30,11,0,69.27266666666667,30.0,32.0,2021,2879.0
Lebanon,2021-07-31,2,0,65.42225806451613,25.0,39.0,2021,2879.0
Lebanon,2021-08-31,1,0,65.24225806451612,25.0,48.0,2021,2879.0
Lebanon,2021-10-31,1,0,30.643870967741936,50.0,11.0,2021,2879.0
Lebanon,2021-11-30,1,0,31.48,50.0,6.0,2021,2879.0
Lebanon,2022-05-31,1,0,30.081290322580646,50.0,58.0,2022,951.0
Lebanon,2022-07-31,1,0,26.85,50.0,25.0,2022,951.0
Lebanon,2022-09-30,2,1,26.85,50.0,37.0,2022,951.0
Lesotho,2020-03-31,1,0,40.2041935483871,0.0,2.0,2020,9.0
Lesotho,2020-07-31,1,0,62.09806451612903,50.0,1.0,2020,9.0
Lesotho,2020-08-31,3,1,71.3,50.0,4.0,2020,9.0
Lesotho,2020-09-30,2,1,64.90799999999999,50.0,2.0,2020,9.0
Lesotho,2021-03-31,1,0,65.38193548387096,0.0,0.0,2021,17.0
Lesotho,2021-04-30,2,0,60.18999999999999,0.0,2.0,2021,17.0
Lesotho,2021-05-31,1,0,46.354516129032255,24.193548387096776,2.0,2021,17.0
Lesotho,2021-09-30,1,1,59.077999999999996,0.0,2.0,2021,17.0
Lesotho,2021-10-31,1,1,50.66193548387097,0.0,1.0,2021,17.0
Lesotho,2022-01-31,1,0,41.57,0.0,1.0,2022,23.0
Lesotho,2022-03-31,1,1,35.98806451612903,0.0,1.0,2022,23.0
Lesotho,2022-05-31,1,0,32.24,0.0,1.0,2022,23.0
Lesotho,2022-06-30,1,2,32.15166666666667,0.0,4.0,2022,23.0
Liberia,2020-01-31,2,0,0.5380645161290323,0.0,1.0,2020,70.0
Liberia,2020-02-29,2,0,5.56,0.0,2.0,2020,70.0
Liberia,2020-03-31,3,0,34.91774193548387,0.0,1.0,2020,70.0
Liberia,2020-04-30,8,1,85.33766666666665,0.0,12.0,2020,70.0
Liberia,2020-06-30,1,0,81.66866666666667,0.0,3.0,2020,70.0
Liberia,2020-07-31,1,0,67.47354838709678,0.0,3.0,2020,70.0
Liberia,2020-09-30,1,0,57.41,0.0,7.0,2020,70.0
Liberia,2020-10-31,1,0,57.41,0.0,2.0,2020,70.0
Liberia,2020-11-30,4,0,57.41,0.0,8.0,2020,70.0
Liberia,2021-07-31,3,1,53.22838709677419,12.5,3.0,2021,38.0
Liberia,2021-08-31,3,1,44.62322580645161,12.5,2.0,2021,38.0
Liberia,2021-11-30,1,3,40.74,0.0,3.0,2021,38.0
Liberia,2022-01-31,1,0,44.37,0.0,2.0,2022,25.0
Liberia,2022-04-30,1,0,43.78666666666666,0.0,5.0,2022,25.0
Liberia,2022-06-30,2,2,41.90833333333333,0.0,5.0,2022,25.0
Liberia,2022-07-31,2,2,38.8516129032258,0.0,3.0,2022,25.0
Libya,2020-01-31,19,46,0.0,0.0,98.0,2020,158.0
Libya,2020-02-29,25,12,3.8344827586206893,0.0,94.0,2020,158.0
Libya,2020-03-31,28,25,40.32354838709677,0.0,229.0,2020,158.0
Libya,2020-04-30,45,39,94.75333333333333,0.0,319.0,2020,158.0
Libya,2020-05-31,28,49,99.52258064516128,0.0,283.0,2020,158.0
Libya,2020-06-30,15,44,96.05199999999999,0.0,61.0,2020,158.0
Libya,2020-07-31,6,6,91.00774193548386,0.0,19.0,2020,158.0
Libya,2020-08-31,7,7,89.45193548387097,0.0,16.0,2020,158.0
Libya,2020-09-30,1,1,86.11,0.0,10.0,2020,158.0
Libya,2020-10-31,5,3,81.33258064516129,0.0,13.0,2020,158.0
Libya,2020-11-30,3,0,79.62999999999998,0.0,7.0,2020,158.0
Libya,2020-12-31,1,1,82.28870967741935,0.0,6.0,2020,158.0
Libya,2021-03-31,2,1,74.61258064516129,0.0,7.0,2021,133.0
Libya,2021-04-30,2,2,79.62999999999998,0.0,6.0,2021,133.0
Libya,2021-05-31,1,1,79.63,0.0,3.0,2021,133.0
Libya,2021-09-30,1,0,48.88699999999999,0.0,13.0,2021,133.0
Libya,2021-10-31,2,7,44.413870967741936,0.0,13.0,2021,133.0
Libya,2022-01-31,2,1,48.79838709677419,0.0,15.0,2022,115.0
Libya,2022-04-30,1,1,44.59433333333334,0.0,13.0,2022,115.0
Libya,2022-07-31,3,1,40.237096774193546,0.0,11.0,2022,115.0
Libya,2022-12-31,1,1,13.89,0.0,6.0,2022,115.0
Lithuania,2020-01-31,1,0,0.0,0.0,0.0,2020,59.0
Lithuania,2020-04-30,1,0,81.72800000000001,65.0,0.0,2020,59.0
Lithuania,2020-11-30,1,0,62.868,62.5,0.0,2020,59.0
Lithuania,2020-12-31,1,0,72.55032258064516,62.5,0.0,2020,59.0
Lithuania,2021-07-31,1,0,29.562580645161287,100.0,0.0,2021,151.0
Lithuania,2021-08-31,1,0,28.151935483870968,100.0,0.0,2021,151.0
Lithuania,2021-09-30,2,0,32.694,100.0,0.0,2021,151.0
Lithuania,2021-11-30,1,0,35.22966666666667,83.33333333333333,0.0,2021,151.0
Luxembourg,2021-12-31,1,0,45.67580645161291,25.0,0.0,2021,34.0
Luxembourg,2022-01-31,3,0,54.53,25.0,0.0,2022,33.0
Madagascar,2020-01-31,1,0,0.0,0.0,30.0,2020,44.0
Madagascar,2020-06-30,2,2,70.18466666666667,25.0,24.0,2020,44.0
Madagascar,2020-07-31,4,0,68.98,50.0,19.0,2020,44.0
Madagascar,2020-08-31,2,0,67.39709677419354,50.0,33.0,2020,44.0
Madagascar,2020-12-31,1,1,38.65129032258065,50.0,14.0,2020,44.0
Madagascar,2021-02-28,3,0,37.04,50.0,14.0,2021,109.0
Madagascar,2021-04-30,1,0,73.61033333333333,13.333333333333334,22.0,2021,109.0
Madagascar,2021-05-31,1,0,79.3616129032258,19.35483870967742,22.0,2021,109.0
Madagascar,2021-06-30,1,0,60.186,0.0,20.0,2021,109.0
Madagascar,2021-07-31,1,0,51.85,0.0,16.0,2021,109.0
Madagascar,2021-09-30,2,1,43.208333333333336,0.0,28.0,2021,109.0
Madagascar,2021-10-31,3,1,38.6483870967742,0.0,11.0,2021,109.0
Madagascar,2021-11-30,5,18,29.348666666666666,0.0,25.0,2021,109.0
Madagascar,2021-12-31,4,0,30.986774193548385,0.0,17.0,2021,109.0
Madagascar,2022-01-31,1,0,42.13,0.0,14.0,2022,113.0
Madagascar,2022-02-28,1,0,44.214999999999996,0.0,14.0,2022,113.0
Madagascar,2022-03-31,1,0,43.70032258064516,0.0,12.0,2022,113.0
Madagascar,2022-04-30,5,1,29.81533333333333,0.0,11.0,2022,113.0
Madagascar,2022-07-31,1,0,8.33,0.0,5.0,2022,113.0
Madagascar,2022-09-30,2,1,4.818666666666667,0.0,23.0,2022,113.0
Madagascar,2022-10-31,5,2,0.0,0.0,25.0,2022,113.0
Madagascar,2022-11-30,1,0,0.0,0.0,30.0,2022,113.0
Malawi,2020-01-31,1,0,0.0,0.0,4.0,2020,129.0
Malawi,2020-08-31,1,0,63.766774193548386,50.0,14.0,2020,129.0
Malawi,2020-09-30,2,2,55.897000000000006,28.333333333333332,13.0,2020,129.0
Malawi,2020-11-30,2,0,50.93,12.5,10.0,2020,129.0
Malawi,2020-12-31,3,0,50.93,12.5,10.0,2020,129.0
Malawi,2021-01-31,1,0,49.55032258064516,35.08064516129032,12.0,2021,117.0
Malawi,2021-02-28,2,0,49.0725,50.0,9.0,2021,117.0
Malawi,2021-03-31,2,0,46.23774193548387,50.0,15.0,2021,117.0
Malawi,2021-05-31,1,0,40.88903225806452,50.0,6.0,2021,117.0
Malawi,2021-06-30,1,0,36.94433333333333,30.833333333333332,2.0,2021,117.0
Malawi,2021-07-31,3,0,41.51548387096774,40.32258064516129,7.0,2021,117.0
Malawi,2021-08-31,3,1,40.082258064516125,16.129032258064516,7.0,2021,117.0
Malawi,2021-09-30,3,1,35.089666666666666,0.0,8.0,2021,117.0
Malawi,2021-11-30,2,0,36.29,0.0,9.0,2021,117.0
Malawi,2022-01-31,1,0,38.788387096774194,0.0,3.0,2022,123.0
Malawi,2022-03-31,1,0,38.773870967741935,0.0,5.0,2022,123.0
Malawi,2022-04-30,2,0,38.77,0.0,7.0,2022,123.0
Malawi,2022-05-31,3,1,35.88870967741936,0.0,13.0,2022,123.0
Malawi,2022-07-31,1,0,28.7,0.0,9.0,2022,123.0
Malawi,2022-09-30,1,0,28.7,0.0,1.0,2022,123.0
Malawi,2022-10-31,3,0,22.249032258064517,0.0,8.0,2022,123.0
Malawi,2022-12-31,1,0,17.59,0.0,4.0,2022,123.0
Malaysia,2020-01-31,1,0,6.271612903225806,0.0,1.0,2020,48.0
Malaysia,2020-06-30,1,0,60.711666666666666,75.0,0.0,2020,48.0
Malaysia,2020-11-30,1,0,78.51633333333334,75.0,1.0,2020,48.0
Malaysia,2021-01-31,2,1,73.36935483870967,75.0,2.0,2021,95.0
Malaysia,2021-03-31,1,0,73.61,75.0,2.0,2021,95.0
Malaysia,2021-04-30,2,1,60.246,72.5,1.0,2021,95.0
Malaysia,2021-05-31,3,1,75.13806451612903,75.0,3.0,2021,95.0
Malaysia,2021-06-30,2,1,84.41300000000001,75.0,2.0,2021,95.0
Malaysia,2021-08-31,1,0,77.41483870967743,75.0,1.0,2021,95.0
Malaysia,2021-10-31,1,1,62.494516129032256,75.0,1.0,2021,95.0
Malaysia,2021-11-30,1,0,53.88133333333334,75.0,1.0,2021,95.0
Malaysia,2021-12-31,2,1,53.2616129032258,75.0,2.0,2021,95.0
Malaysia,2022-01-31,2,2,40.63935483870968,75.0,2.0,2022,137.0
Malaysia,2022-02-28,1,1,40.01607142857143,75.0,1.0,2022,137.0
Malaysia,2022-03-31,1,1,39.97870967741935,75.0,1.0,2022,137.0
Malaysia,2022-04-30,2,0,31.188,75.0,1.0,2022,137.0
Malaysia,2022-09-30,1,0,11.109999999999998,75.0,0.0,2022,137.0
Malaysia,2022-11-30,1,0,11.109999999999998,75.0,1.0,2022,137.0
Mali,2020-01-31,4,24,0.0,0.0,62.0,2020,172.0
Mali,2020-02-29,11,77,0.0,0.0,69.0,2020,172.0
Mali,2020-03-31,14,52,23.44677419354839,0.0,99.0,2020,172.0
Mali,2020-04-30,8,24,78.7,50.0,95.0,2020,172.0
Mali,2020-05-31,4,9,61.08032258064516,50.0,75.0,2020,172.0
Mali,2020-06-30,5,51,52.903333333333336,50.0,93.0,2020,172.0
Mali,2020-07-31,3,6,50.62806451612904,50.0,111.0,2020,172.0
Mali,2020-08-31,4,0,41.67,50.0,70.0,2020,172.0
Mali,2020-10-31,2,27,37.96,46.774193548387096,96.0,2020,172.0
Mali,2021-01-31,9,13,41.754516129032254,0.0,84.0,2021,143.0
Mali,2021-02-28,2,1,44.44,0.0,55.0,2021,143.0
Mali,2021-03-31,7,10,48.03032258064516,0.0,61.0,2021,143.0
Mali,2021-04-30,4,4,48.15,0.0,96.0,2021,143.0
Mali,2021-05-31,4,10,46.354838709677416,0.0,101.0,2021,143.0
Mali,2021-06-30,2,2,44.811,0.0,83.0,2021,143.0
Mali,2021-07-31,6,4,39.607741935483865,0.0,134.0,2021,143.0
Mali,2021-08-31,2,0,43.04322580645161,0.0,106.0,2021,143.0
Mali,2021-09-30,2,1,49.56966666666666,0.0,87.0,2021,143.0
Mali,2021-10-31,3,11,45.42645161290323,0.0,67.0,2021,143.0
Mali,2021-11-30,2,1,44.43999999999999,0.0,65.0,2021,143.0
Mali,2021-12-31,4,21,42.17225806451613,14.516129032258064,86.0,2021,143.0
Mali,2022-01-31,6,43,40.74,25.0,88.0,2022,109.0
Mali,2022-02-28,1,11,39.74892857142857,25.0,91.0,2022,109.0
Mali,2022-03-31,12,497,40.74,25.0,129.0,2022,109.0
Mali,2022-04-30,11,84,30.454666666666665,25.0,86.0,2022,109.0
Mali,2022-05-31,5,21,24.465806451612902,25.0,125.0,2022,109.0
Mali,2022-06-30,3,13,24.386000000000003,25.0,126.0,2022,109.0
Mali,2022-07-31,6,13,24.31032258064516,25.0,105.0,2022,109.0
Mali,2022-08-31,7,36,24.249032258064517,25.0,126.0,2022,109.0
Mali,2022-09-30,6,75,24.169333333333334,25.0,101.0,2022,109.0
Mali,2022-10-31,12,30,24.026774193548388,25.0,138.0,2022,109.0
Mali,2022-11-30,27,78,23.911333333333335,25.0,146.0,2022,109.0
Mali,2022-12-31,13,21,23.75193548387097,55.24193548387097,99.0,2022,109.0
Mauritania,2020-02-29,4,0,4.793103448275862,0.0,0.0,2020,323.0
Mauritania,2020-04-30,3,0,77.78,50.0,1.0,2020,323.0
Mauritania,2020-05-31,5,1,77.78,50.0,2.0,2020,323.0
Mauritania,2020-06-30,3,0,77.78,45.833333333333336,2.0,2020,323.0
Mauritania,2020-07-31,1,0,43.3658064516129,25.0,0.0,2020,323.0
Mauritania,2020-08-31,5,0,33.33,25.0,0.0,2020,323.0
Mauritania,2020-09-30,5,1,21.853,20.0,2.0,2020,323.0
Mauritania,2020-10-31,6,0,19.596129032258066,0.0,1.0,2020,323.0
Mauritania,2020-11-30,4,0,21.3,0.0,1.0,2020,323.0
Mauritania,2020-12-31,5,0,53.673870967741934,22.580645161290324,1.0,2020,323.0
Mauritania,2021-01-31,3,0,53.43709677419355,0.0,1.0,2021,276.0
Mauritania,2021-02-28,5,0,50.33428571428571,0.0,0.0,2021,276.0
Mauritania,2021-03-31,1,0,42.4158064516129,0.0,0.0,2021,276.0
Mauritania,2021-04-30,1,0,36.42333333333333,8.333333333333334,1.0,2021,276.0
Mauritania,2021-05-31,3,0,38.95193548387097,25.0,0.0,2021,276.0
Mauritania,2021-06-30,1,0,43.52,25.0,0.0,2021,276.0
Mauritania,2021-07-31,2,0,40.89064516129033,3.225806451612903,0.0,2021,276.0
Mauritania,2021-08-31,1,0,40.14064516129032,0.0,0.0,2021,276.0
Mauritania,2021-09-30,1,0,44.193333333333335,0.0,0.0,2021,276.0
Mauritania,2021-10-31,1,0,29.60322580645161,0.0,0.0,2021,276.0
Mauritania,2021-11-30,9,0,17.960666666666665,0.0,1.0,2021,276.0
Mauritania,2021-12-31,5,0,13.114193548387096,0.0,2.0,2021,276.0
Mauritania,2022-01-31,2,0,39.92645161290323,0.0,0.0,2022,217.0
Mauritania,2022-03-31,3,0,49.99580645161291,0.0,0.0,2022,217.0
Mauritania,2022-04-30,1,0,47.18066666666667,0.0,1.0,2022,217.0
Mauritania,2022-07-31,2,0,35.92935483870968,0.0,1.0,2022,217.0
Mauritania,2022-08-31,1,0,26.85,0.0,1.0,2022,217.0
Mauritania,2022-09-30,1,0,26.85,0.0,1.0,2022,217.0
Mauritania,2022-10-31,3,0,12.991935483870968,0.0,0.0,2022,217.0
Mauritania,2022-11-30,4,0,9.442,0.0,0.0,2022,217.0
Mauritania,2022-12-31,1,0,8.33,0.0,2.0,2022,217.0
Mauritius,2020-02-29,1,0,0.0,0.0,1.0,2020,47.0
Mauritius,2020-03-31,1,0,28.58516129032258,25.0,7.0,2020,47.0
Mauritius,2020-04-30,1,0,82.41,50.0,3.0,2020,47.0
Mauritius,2020-05-31,1,1,79.77806451612904,25.0,1.0,2020,47.0
Mauritius,2020-06-30,1,0,50.181333333333335,63.333333333333336,1.0,2020,47.0
Mauritius,2021-02-28,1,0,19.44,75.0,1.0,2021,97.0
Mauritius,2021-06-30,2,0,80.25133333333333,75.0,2.0,2021,97.0
Mauritius,2021-09-30,1,0,46.46933333333333,100.0,1.0,2021,97.0
Mauritius,2021-11-30,1,0,37.97233333333334,100.0,1.0,2021,97.0
Mauritius,2021-12-31,2,0,41.91516129032259,100.0,5.0,2021,97.0
Mauritius,2022-01-31,1,0,36.980000000000004,66.12903225806451,2.0,2022,119.0
Mauritius,2022-02-28,1,1,40.74892857142857,50.0,3.0,2022,119.0
Mauritius,2022-04-30,4,0,36.568333333333335,50.0,3.0,2022,119.0
Mauritius,2022-05-31,5,0,30.803870967741933,50.0,5.0,2022,119.0
Mauritius,2022-06-30,3,0,27.22233333333333,20.0,4.0,2022,119.0
Mauritius,2022-08-31,3,0,5.56,0.0,6.0,2022,119.0
Mauritius,2022-09-30,1,0,5.56,0.0,2.0,2022,119.0
Mauritius,2022-10-31,2,0,5.56,0.0,2.0,2022,119.0
Mauritius,2022-11-30,2,0,5.56,0.0,0.0,2022,119.0
Mexico,2020-01-31,10,2,0.0,0.0,629.0,2020,5924.0
Mexico,2020-02-29,15,0,0.19172413793103446,0.0,609.0,2020,5924.0
Mexico,2020-03-31,7,1,19.923870967741934,0.0,602.0,2020,5924.0
Mexico,2020-04-30,16,1,82.41,0.0,621.0,2020,5924.0
Mexico,2020-05-31,16,1,82.41,0.0,729.0,2020,5924.0
Mexico,2020-06-30,14,1,71.512,0.0,650.0,2020,5924.0
Mexico,2020-07-31,15,2,70.83,0.0,631.0,2020,5924.0
Mexico,2020-08-31,19,2,72.26612903225806,0.0,597.0,2020,5924.0
Mexico,2020-09-30,15,2,71.91466666666666,0.0,544.0,2020,5924.0
Mexico,2020-10-31,12,2,72.2374193548387,55.645161290322584,487.0,2020,5924.0
Mexico,2020-11-30,15,2,71.76,75.0,601.0,2020,5924.0
Mexico,2020-12-31,10,3,71.76,75.0,560.0,2020,5924.0
Mexico,2021-01-31,10,2,71.76,75.0,650.0,2021,6449.0
Mexico,2021-02-28,8,1,66.66642857142857,39.285714285714285,583.0,2021,6449.0
Mexico,2021-03-31,12,2,47.653225806451616,25.0,660.0,2021,6449.0
Mexico,2021-04-30,10,4,45.45933333333333,25.0,655.0,2021,6449.0
Mexico,2021-05-31,12,1,44.44,25.0,680.0,2021,6449.0
Mexico,2021-06-30,3,1,44.43999999999999,25.0,707.0,2021,6449.0
Mexico,2021-07-31,8,1,48.8316129032258,25.0,621.0,2021,6449.0
Mexico,2021-08-31,4,1,66.77129032258064,25.0,532.0,2021,6449.0
Mexico,2021-09-30,7,1,42.669999999999995,25.0,530.0,2021,6449.0
Mexico,2021-10-31,6,3,38.89,25.0,597.0,2021,6449.0
Mexico,2021-11-30,4,0,38.64333333333333,25.0,576.0,2021,6449.0
Mexico,2021-12-31,2,1,34.11387096774193,25.0,572.0,2021,6449.0
Mexico,2022-01-31,4,0,40.96258064516129,25.0,615.0,2022,6340.0
Mexico,2022-02-28,2,0,39.158928571428575,25.0,547.0,2022,6340.0
Mexico,2022-03-31,7,1,33.670645161290324,25.0,573.0,2022,6340.0
Mexico,2022-04-30,5,1,25.679333333333332,25.0,560.0,2022,6340.0
Mexico,2022-05-31,11,0,25.67,0.8064516129032258,664.0,2022,6340.0
Mexico,2022-06-30,9,2,23.223333333333336,0.0,639.0,2022,6340.0
Mexico,2022-07-31,8,1,29.119354838709675,0.0,568.0,2022,6340.0
Mexico,2022-08-31,8,1,31.896451612903224,0.0,623.0,2022,6340.0
Mexico,2022-09-30,2,0,14.568333333333333,0.0,547.0,2022,6340.0
Mexico,2022-10-31,9,0,13.89,0.0,650.0,2022,6340.0
Mexico,2022-11-30,4,4,13.890000000000002,0.0,581.0,2022,6340.0
Mexico,2022-12-31,2,0,13.89,0.0,556.0,2022,6340.0
Moldova,2020-04-30,1,0,85.83533333333335,35.0,0.0,2020,287.0
Moldova,2020-07-31,1,0,67.89290322580645,37.5,2.0,2020,287.0
Moldova,2020-08-31,1,0,57.41,37.5,0.0,2020,287.0
Moldova,2020-10-31,1,0,47.07387096774193,37.5,1.0,2020,287.0
Moldova,2021-01-31,1,0,57.41,37.5,2.0,2021,197.0
Moldova,2021-02-28,1,0,53.637142857142855,37.5,1.0,2021,197.0
Moldova,2022-01-31,1,0,43.53774193548387,37.5,1.0,2022,418.0
Moldova,2022-07-31,1,0,11.11,15.725806451612904,0.0,2022,418.0
Moldova,2022-08-31,1,0,11.11,22.983870967741936,1.0,2022,418.0
Moldova,2022-10-31,7,0,11.11,3.225806451612903,0.0,2022,418.0
Moldova,2022-11-30,3,0,8.889999999999999,0.0,1.0,2022,418.0
Mongolia,2020-01-31,1,0,11.2,0.0,0.0,2020,65.0
Mongolia,2020-05-31,1,0,75.17903225806452,50.0,0.0,2020,65.0
Mongolia,2020-06-30,2,0,71.3,50.0,1.0,2020,65.0
Mongolia,2020-12-31,1,0,78.91258064516128,75.0,0.0,2020,65.0
Mongolia,2021-01-31,1,0,73.72935483870968,75.0,0.0,2021,127.0
Mongolia,2021-04-30,3,0,88.104,71.66666666666667,0.0,2021,127.0
Mongolia,2021-06-30,1,0,58.61133333333333,50.0,0.0,2021,127.0
Mongolia,2021-07-31,2,0,59.55838709677419,50.0,0.0,2021,127.0
Mongolia,2021-09-30,1,0,44.691,50.0,0.0,2021,127.0
Mongolia,2021-10-31,3,0,37.04,50.0,0.0,2021,127.0
Mongolia,2022-04-30,1,0,0.0,25.0,0.0,2022,129.0
Mongolia,2022-12-31,1,0,11.11,0.0,0.0,2022,129.0
Morocco,2020-01-31,9,0,0.0,0.0,1.0,2020,1341.0
Morocco,2020-02-29,3,0,0.0,0.0,1.0,2020,1341.0
Morocco,2020-03-31,7,0,48.20967741935484,7.258064516129032,2.0,2020,1341.0
Morocco,2020-04-30,4,0,93.52,61.666666666666664,4.0,2020,1341.0
Morocco,2020-05-31,4,0,93.52,75.0,4.0,2020,1341.0
Morocco,2020-06-30,10,0,80.18499999999999,75.0,1.0,2020,1341.0
Morocco,2020-07-31,8,0,68.52,75.0,2.0,2020,1341.0
Morocco,2020-08-31,6,0,72.4325806451613,75.0,3.0,2020,1341.0
Morocco,2020-09-30,9,0,69.47800000000001,75.0,4.0,2020,1341.0
Morocco,2020-10-31,21,0,65.17258064516129,75.0,2.0,2020,1341.0
Morocco,2020-11-30,19,0,69.62966666666667,60.0,4.0,2020,1341.0
Morocco,2020-12-31,24,0,71.44419354838709,25.0,3.0,2020,1341.0
Morocco,2021-01-31,15,0,75.2358064516129,25.0,1.0,2021,1583.0
Morocco,2021-02-28,30,0,76.85,36.607142857142854,5.0,2021,1583.0
Morocco,2021-03-31,26,0,76.85,50.0,0.0,2021,1583.0
Morocco,2021-04-30,15,0,74.815,0.0,3.0,2021,1583.0
Morocco,2021-05-31,22,0,71.3,0.0,5.0,2021,1583.0
Morocco,2021-06-30,3,0,66.67,3.75,0.0,2021,1583.0
Morocco,2021-07-31,8,0,61.79806451612903,12.5,1.0,2021,1583.0
Morocco,2021-08-31,4,0,64.81,12.5,8.0,2021,1583.0
Morocco,2021-09-30,10,0,64.81,12.5,13.0,2021,1583.0
Morocco,2021-10-31,25,0,69.25419354838711,16.129032258064516,3.0,2021,1583.0
Morocco,2021-11-30,38,14,58.166666666666664,25.0,6.0,2021,1583.0
Morocco,2021-12-31,24,0,54.57806451612903,25.0,10.0,2021,1583.0
Morocco,2022-01-31,9,3,49.170645161290324,25.0,9.0,2022,1359.0
Morocco,2022-02-28,15,0,43.705,25.0,8.0,2022,1359.0
Morocco,2022-03-31,11,3,40.82709677419355,16.93548387096774,12.0,2022,1359.0
Morocco,2022-04-30,5,0,41.93866666666667,0.0,3.0,2022,1359.0
Morocco,2022-05-31,12,0,27.933870967741935,0.0,10.0,2022,1359.0
Morocco,2022-06-30,3,0,27.304666666666666,0.0,8.0,2022,1359.0
Morocco,2022-07-31,5,0,27.291290322580643,0.0,6.0,2022,1359.0
Morocco,2022-08-31,8,0,27.271290322580644,0.0,7.0,2022,1359.0
Morocco,2022-09-30,6,4,27.258333333333333,0.0,7.0,2022,1359.0
Morocco,2022-10-31,8,1,27.25,0.0,4.0,2022,1359.0
Morocco,2022-11-30,8,7,24.46466666666667,0.0,7.0,2022,1359.0
Morocco,2022-12-31,4,0,24.46,0.0,3.0,2022,1359.0
Mozambique,2020-01-31,3,2,0.0,0.0,30.0,2020,29.0
Mozambique,2020-02-29,3,2,5.457586206896552,0.0,39.0,2020,29.0
Mozambique,2020-03-31,5,4,20.786129032258064,0.0,34.0,2020,29.0
Mozambique,2020-04-30,6,25,56.48,0.0,48.0,2020,29.0
Mozambique,2020-05-31,2,1,58.69032258064516,0.0,60.0,2020,29.0
Mozambique,2020-06-30,5,27,75.18533333333333,0.0,59.0,2020,29.0
Mozambique,2020-07-31,7,6,78.31967741935483,0.0,44.0,2020,29.0
Mozambique,2020-08-31,5,52,73.29774193548387,0.0,43.0,2020,29.0
Mozambique,2020-09-30,3,1,74.07,0.0,62.0,2020,29.0
Mozambique,2020-10-31,1,1,69.02354838709678,0.0,56.0,2020,29.0
Mozambique,2020-12-31,5,0,53.134838709677425,0.0,33.0,2020,29.0
Mozambique,2021-01-31,1,1,50.0,0.0,27.0,2021,19.0
Mozambique,2021-03-31,2,0,53.284193548387094,0.0,39.0,2021,19.0
Mozambique,2021-04-30,3,4,55.55533333333334,0.0,23.0,2021,19.0
Mozambique,2021-05-31,7,0,53.76483870967742,0.0,29.0,2021,19.0
Mozambique,2021-06-30,5,17,53.91766666666667,0.0,26.0,2021,19.0
Mozambique,2021-07-31,4,1,56.30064516129032,0.0,54.0,2021,19.0
Mozambique,2021-08-31,5,2,48.86612903225806,0.0,35.0,2021,19.0
Mozambique,2021-09-30,2,0,48.15,0.0,37.0,2021,19.0
Mozambique,2021-10-31,6,11,48.15,0.0,26.0,2021,19.0
Mozambique,2021-11-30,3,3,48.15,0.0,51.0,2021,19.0
Mozambique,2021-12-31,3,0,43.308064516129036,0.0,34.0,2021,19.0
Mozambique,2022-01-31,1,0,42.59,0.0,48.0,2022,46.0
Mozambique,2022-02-28,2,0,41.46642857142857,0.0,39.0,2022,46.0
Mozambique,2022-03-31,5,2,37.96,0.0,29.0,2022,46.0
Mozambique,2022-04-30,2,1,35.79933333333334,0.0,18.0,2022,46.0
Mozambique,2022-05-31,5,0,28.7,0.0,44.0,2022,46.0
Mozambique,2022-06-30,4,2,28.7,0.0,65.0,2022,46.0
Mozambique,2022-07-31,1,1,28.7,0.0,37.0,2022,46.0
Mozambique,2022-08-31,5,1,28.7,0.0,60.0,2022,46.0
Mozambique,2022-10-31,1,0,17.59,0.0,40.0,2022,46.0
Mozambique,2022-12-31,4,0,15.083548387096773,0.0,32.0,2022,46.0
Myanmar,2020-01-31,15,2,0.0,0.0,133.0,2020,188.0
Myanmar,2020-02-29,16,6,2.78,0.0,169.0,2020,188.0
Myanmar,2020-03-31,45,43,29.899032258064516,0.0,172.0,2020,188.0
Myanmar,2020-04-30,17,32,80.55433333333333,1.25,90.0,2020,188.0
Myanmar,2020-05-31,10,1,82.23096774193549,6.048387096774194,79.0,2020,188.0
Myanmar,2020-06-30,23,6,80.56,0.0,97.0,2020,188.0
Myanmar,2020-07-31,10,4,79.24354838709678,0.0,62.0,2020,188.0
Myanmar,2020-08-31,23,11,76.4616129032258,0.0,58.0,2020,188.0
Myanmar,2020-09-30,28,10,79.92066666666666,0.0,100.0,2020,188.0
Myanmar,2020-10-31,40,13,80.48193548387097,53.225806451612904,140.0,2020,188.0
Myanmar,2020-11-30,10,2,79.62999999999998,75.0,36.0,2020,188.0
Myanmar,2020-12-31,6,0,75.93,75.0,32.0,2020,188.0
Myanmar,2021-01-31,9,1,73.5983870967742,75.0,62.0,2021,7766.0
Myanmar,2021-02-28,133,26,71.85714285714286,75.0,94.0,2021,7766.0
Myanmar,2021-03-31,565,444,77.12161290322581,75.0,442.0,2021,7766.0
Myanmar,2021-04-30,177,167,77.71666666666667,75.0,476.0,2021,7766.0
Myanmar,2021-05-31,160,81,72.22,75.0,854.0,2021,7766.0
Myanmar,2021-06-30,124,75,70.046,75.0,627.0,2021,7766.0
Myanmar,2021-07-31,104,123,68.3541935483871,75.0,508.0,2021,7766.0
Myanmar,2021-08-31,134,73,66.2,75.0,560.0,2021,7766.0
Myanmar,2021-09-30,168,142,66.71000000000001,75.0,925.0,2021,7766.0
Myanmar,2021-10-31,154,108,83.36451612903225,75.0,1049.0,2021,7766.0
Myanmar,2021-11-30,161,150,72.93166666666666,65.83333333333333,962.0,2021,7766.0
Myanmar,2021-12-31,167,187,75.51096774193549,62.5,961.0,2021,7766.0
Myanmar,2022-01-31,188,203,70.52064516129032,62.5,1077.0,2022,3393.0
Myanmar,2022-02-28,126,156,67.59285714285714,61.607142857142854,810.0,2022,3393.0
Myanmar,2022-03-31,146,159,78.7,51.20967741935484,899.0,2022,3393.0
Myanmar,2022-04-30,162,151,66.31466666666667,37.5,959.0,2022,3393.0
Myanmar,2022-05-31,201,239,53.14967741935484,0.0,937.0,2022,3393.0
Myanmar,2022-06-30,188,206,54.81666666666667,0.0,883.0,2022,3393.0
Myanmar,2022-07-31,184,169,58.59774193548387,0.0,927.0,2022,3393.0
Myanmar,2022-08-31,182,219,54.63,0.0,984.0,2022,3393.0
Myanmar,2022-09-30,185,122,44.96966666666667,0.0,982.0,2022,3393.0
Myanmar,2022-10-31,208,226,40.74,0.0,1012.0,2022,3393.0
Myanmar,2022-11-30,219,183,40.74,0.0,1017.0,2022,3393.0
Myanmar,2022-12-31,160,158,39.18838709677419,0.0,840.0,2022,3393.0
Namibia,2020-01-31,1,0,0.0,0.0,1.0,2020,85.0
Namibia,2020-06-30,1,0,60.522666666666666,25.0,1.0,2020,85.0
Namibia,2020-07-31,2,0,55.270967741935486,25.0,1.0,2020,85.0
Namibia,2020-08-31,2,0,58.884838709677425,25.0,2.0,2020,85.0
Namibia,2020-10-31,2,0,43.008709677419354,22.580645161290324,0.0,2020,85.0
Namibia,2021-01-31,1,0,41.101290322580645,0.0,3.0,2021,118.0
Namibia,2021-04-30,1,0,45.092,0.0,1.0,2021,118.0
Namibia,2021-05-31,3,0,45.17612903225807,2.8225806451612905,3.0,2021,118.0
Namibia,2021-06-30,1,0,58.02333333333333,0.0,1.0,2021,118.0
Namibia,2021-08-31,1,0,46.95129032258065,0.0,3.0,2021,118.0
Namibia,2021-11-30,1,1,31.944999999999997,0.0,2.0,2021,118.0
Namibia,2021-12-31,1,0,28.7,0.0,1.0,2021,118.0
Namibia,2022-03-31,1,0,28.7,0.0,3.0,2022,81.0
Namibia,2022-05-31,1,0,23.15,0.0,2.0,2022,81.0
Namibia,2022-11-30,1,0,5.56,0.0,1.0,2022,81.0
Nepal,2020-01-31,10,0,4.212580645161291,0.0,31.0,2020,2642.0
Nepal,2020-02-29,18,0,16.38241379310345,0.0,31.0,2020,2642.0
Nepal,2020-03-31,18,0,48.714838709677416,4.838709677419355,39.0,2020,2642.0
Nepal,2020-04-30,24,1,96.3,75.0,77.0,2020,2642.0
Nepal,2020-05-31,38,0,93.30806451612904,75.0,65.0,2020,2642.0
Nepal,2020-06-30,23,0,92.59,75.0,42.0,2020,2642.0
Nepal,2020-07-31,7,1,87.45225806451613,56.45161290322581,35.0,2020,2642.0
Nepal,2020-08-31,16,0,84.25967741935484,50.0,59.0,2020,2642.0
Nepal,2020-09-30,19,0,76.294,50.0,32.0,2020,2642.0
Nepal,2020-10-31,4,0,67.23451612903226,50.0,22.0,2020,2642.0
Nepal,2020-11-30,2,0,63.026666666666664,50.0,12.0,2020,2642.0
Nepal,2020-12-31,14,0,60.19,50.0,17.0,2020,2642.0
Nepal,2021-01-31,10,1,59.11387096774193,50.0,21.0,2021,3074.0
Nepal,2021-02-28,13,0,54.433571428571426,50.0,8.0,2021,3074.0
Nepal,2021-03-31,4,0,30.376774193548385,50.0,15.0,2021,3074.0
Nepal,2021-04-30,10,0,35.74,35.833333333333336,21.0,2021,3074.0
Nepal,2021-05-31,14,0,94.79967741935484,30.64516129032258,33.0,2021,3074.0
Nepal,2021-06-30,35,0,85.00066666666666,40.416666666666664,24.0,2021,3074.0
Nepal,2021-07-31,18,0,55.55741935483871,37.5,15.0,2021,3074.0
Nepal,2021-08-31,10,0,61.542258064516126,37.5,13.0,2021,3074.0
Nepal,2021-09-30,7,0,46.76,37.5,22.0,2021,3074.0
Nepal,2021-10-31,6,0,33.33,37.5,11.0,2021,3074.0
Nepal,2021-11-30,14,0,33.33,44.166666666666664,18.0,2021,3074.0
Nepal,2021-12-31,6,0,33.33,62.5,9.0,2021,3074.0
Nepal,2022-01-31,8,0,45.79870967741935,62.5,6.0,2022,2514.0
Nepal,2022-02-28,15,0,41.30571428571428,62.5,4.0,2022,2514.0
Nepal,2022-03-31,5,1,35.66580645161291,62.5,9.0,2022,2514.0
Nepal,2022-04-30,4,0,35.15,62.5,18.0,2022,2514.0
Nepal,2022-05-31,9,0,34.93161290322581,62.5,221.0,2022,2514.0
Nepal,2022-06-30,9,0,34.73766666666666,62.5,13.0,2022,2514.0
Nepal,2022-07-31,13,0,34.52645161290322,62.5,14.0,2022,2514.0
Nepal,2022-08-31,22,0,34.29548387096774,62.5,8.0,2022,2514.0
Nepal,2022-09-30,10,0,33.554,62.5,13.0,2022,2514.0
Nepal,2022-10-31,4,0,33.05838709677419,68.14516129032258,14.0,2022,2514.0
Nepal,2022-11-30,12,0,32.67833333333333,75.0,79.0,2022,2514.0
Nepal,2022-12-31,7,0,32.48483870967742,75.0,14.0,2022,2514.0
Netherlands,2020-01-31,1,0,0.0,0.0,1.0,2020,777.0
Netherlands,2020-02-29,2,0,0.5751724137931035,0.0,1.0,2020,777.0
Netherlands,2020-03-31,2,0,46.98193548387097,22.983870967741936,0.0,2020,777.0
Netherlands,2020-04-30,2,0,78.7,62.5,5.0,2020,777.0
Netherlands,2020-05-31,3,0,73.68709677419355,62.5,4.0,2020,777.0
Netherlands,2020-06-30,2,0,60.986666666666665,62.5,2.0,2020,777.0
Netherlands,2020-07-31,5,0,45.37,62.5,3.0,2020,777.0
Netherlands,2020-08-31,2,0,47.880967741935486,62.5,3.0,2020,777.0
Netherlands,2020-09-30,9,0,50.836666666666666,62.5,1.0,2020,777.0
Netherlands,2020-10-31,11,0,62.04,75.0,1.0,2020,777.0
Netherlands,2020-11-30,8,0,62.04,75.0,4.0,2020,777.0
Netherlands,2020-12-31,9,0,70.93741935483871,75.0,3.0,2020,777.0
Netherlands,2021-01-31,16,0,79.77709677419355,75.0,1.0,2021,817.0
Netherlands,2021-02-28,12,0,79.62750000000001,75.0,1.0,2021,817.0
Netherlands,2021-03-31,9,0,75.23870967741935,75.0,1.0,2021,817.0
Netherlands,2021-04-30,8,0,74.01233333333333,75.0,1.0,2021,817.0
Netherlands,2021-05-31,5,0,67.59,75.0,1.0,2021,817.0
Netherlands,2021-06-30,2,0,61.17166666666667,75.0,0.0,2021,817.0
Netherlands,2021-07-31,1,0,37.18806451612903,65.3225806451613,2.0,2021,817.0
Netherlands,2021-08-31,3,0,41.67,50.0,3.0,2021,817.0
Netherlands,2021-09-30,10,0,41.608,50.0,3.0,2021,817.0
Netherlands,2021-10-31,10,0,36.98096774193548,50.0,1.0,2021,817.0
Netherlands,2021-11-30,6,0,42.772333333333336,50.0,3.0,2021,817.0
Netherlands,2021-12-31,4,0,57.806451612903224,50.0,0.0,2021,817.0
Netherlands,2022-01-31,4,0,58.18225806451613,50.0,0.0,2022,910.0
Netherlands,2022-02-28,7,0,41.1775,50.0,0.0,2022,910.0
Netherlands,2022-03-31,5,0,23.496451612903225,50.0,0.0,2022,910.0
Netherlands,2022-05-31,5,0,15.67,50.0,0.0,2022,910.0
Netherlands,2022-06-30,2,0,15.67,50.0,0.0,2022,910.0
Netherlands,2022-07-31,17,0,15.66,50.0,1.0,2022,910.0
Netherlands,2022-08-31,3,0,15.66,50.0,1.0,2022,910.0
Netherlands,2022-09-30,6,0,13.536666666666667,50.0,1.0,2022,910.0
Netherlands,2022-10-31,6,0,11.11,50.0,1.0,2022,910.0
Netherlands,2022-11-30,7,0,11.109999999999998,50.0,3.0,2022,910.0
Netherlands,2022-12-31,2,0,11.11,50.0,4.0,2022,910.0
New Zealand,2021-02-28,1,0,31.033214285714283,75.0,1.0,2021,235.0
New Zealand,2021-03-31,2,0,32.33064516129032,75.0,0.0,2021,235.0
New Zealand,2021-04-30,2,0,22.219999999999995,75.0,0.0,2021,235.0
New Zealand,2021-05-31,1,0,22.22,75.0,0.0,2021,235.0
New Zealand,2021-06-30,1,0,22.219999999999995,75.0,0.0,2021,235.0
New Zealand,2021-07-31,3,0,22.22,75.0,0.0,2021,235.0
New Zealand,2021-08-31,13,0,58.06516129032258,75.0,0.0,2021,235.0
New Zealand,2021-10-31,1,0,81.02,54.03225806451613,1.0,2021,235.0
New Zealand,2021-11-30,1,0,78.118,25.0,0.0,2021,235.0
New Zealand,2021-12-31,1,0,58.9883870967742,25.0,0.0,2021,235.0
New Zealand,2022-02-28,6,0,49.907500000000006,25.0,0.0,2022,305.0
New Zealand,2022-03-31,3,0,42.90967741935484,25.0,0.0,2022,305.0
New Zealand,2022-04-30,1,0,26.172,25.0,0.0,2022,305.0
New Zealand,2022-05-31,1,0,15.616774193548387,25.0,0.0,2022,305.0
New Zealand,2022-06-30,1,0,15.043,25.0,0.0,2022,305.0
New Zealand,2022-08-31,2,0,15.02,25.0,0.0,2022,305.0
New Zealand,2022-10-31,4,0,11.11,25.0,0.0,2022,305.0
Nicaragua,2020-01-31,1,0,0.0,0.0,5.0,2020,68.0
Nicaragua,2020-02-29,4,0,1.819655172413793,0.0,7.0,2020,68.0
Nicaragua,2020-03-31,3,0,11.43741935483871,0.0,9.0,2020,68.0
Nicaragua,2020-04-30,4,0,20.182666666666666,0.0,9.0,2020,68.0
Nicaragua,2020-05-31,1,0,19.594193548387096,0.0,1.0,2020,68.0
Nicaragua,2020-06-30,1,0,18.52,0.0,2.0,2020,68.0
Nicaragua,2020-07-31,2,0,20.549032258064514,0.0,8.0,2020,68.0
Nicaragua,2020-08-31,1,0,19.892580645161292,0.0,2.0,2020,68.0
Nicaragua,2020-09-30,2,0,12.222,0.0,4.0,2020,68.0
Nicaragua,2020-10-31,3,3,8.33,0.0,3.0,2020,68.0
Nicaragua,2020-11-30,1,0,8.33,0.0,3.0,2020,68.0
Nicaragua,2020-12-31,8,0,8.33,0.0,9.0,2020,68.0
Nicaragua,2021-01-31,1,0,8.33,0.0,5.0,2021,25.0
Nicaragua,2021-04-30,12,0,13.890000000000002,0.0,9.0,2021,25.0
Nicaragua,2021-05-31,6,0,11.91709677419355,0.0,8.0,2021,25.0
Nicaragua,2021-06-30,2,0,9.319333333333333,0.0,4.0,2021,25.0
Nicaragua,2021-07-31,2,0,6.453548387096775,0.0,3.0,2021,25.0
Nicaragua,2021-08-31,1,0,8.33,0.0,2.0,2021,25.0
Nicaragua,2021-10-31,1,0,8.33,0.0,5.0,2021,25.0
Nicaragua,2021-11-30,2,0,8.33,13.333333333333334,2.0,2021,25.0
Nicaragua,2022-03-31,1,0,8.33,25.0,2.0,2022,11.0
Nicaragua,2022-04-30,2,0,12.222000000000001,0.0,2.0,2022,11.0
Nicaragua,2022-05-31,1,0,13.89,0.0,2.0,2022,11.0
Nicaragua,2022-06-30,3,0,13.890000000000002,0.0,2.0,2022,11.0
Nicaragua,2022-08-31,1,0,13.89,0.0,2.0,2022,11.0
Nicaragua,2022-09-30,2,0,13.890000000000002,0.0,1.0,2022,11.0
Nicaragua,2022-11-30,3,0,13.890000000000002,0.0,1.0,2022,11.0
Niger,2020-01-31,5,26,0.0,0.0,37.0,2020,25.0
Niger,2020-02-29,3,11,0.0,0.0,43.0,2020,25.0
Niger,2020-03-31,11,93,26.793225806451613,0.0,44.0,2020,25.0
Niger,2020-04-30,5,6,62.778,13.333333333333334,22.0,2020,25.0
Niger,2020-05-31,1,1,44.08354838709677,25.0,30.0,2020,25.0
Niger,2020-07-31,2,3,25.93,25.0,27.0,2020,25.0
Niger,2020-09-30,1,2,15.273333333333333,50.0,29.0,2020,25.0
Niger,2020-10-31,2,1,16.368387096774192,1.6129032258064515,45.0,2020,25.0
Niger,2020-11-30,1,1,23.761333333333333,0.0,44.0,2020,25.0
Niger,2020-12-31,1,3,25.09,0.0,52.0,2020,25.0
Niger,2021-04-30,3,27,24.569666666666667,50.0,24.0,2021,22.0
Niger,2021-05-31,1,1,22.22,50.0,28.0,2021,22.0
Niger,2021-06-30,1,1,27.780000000000005,50.0,25.0,2021,22.0
Niger,2021-08-31,1,17,27.78,25.806451612903224,28.0,2021,22.0
Niger,2021-10-31,1,1,27.78,0.0,40.0,2021,22.0
Niger,2021-11-30,1,8,27.780000000000005,0.0,12.0,2021,22.0
Niger,2021-12-31,3,0,27.78,0.0,41.0,2021,22.0
Niger,2022-01-31,2,1,22.762580645161293,0.0,39.0,2022,18.0
Niger,2022-02-28,1,1,16.67,0.0,26.0,2022,18.0
Niger,2022-07-31,2,1,10.806451612903226,0.0,58.0,2022,18.0
Niger,2022-10-31,5,12,10.775161290322579,0.0,73.0,2022,18.0
Niger,2022-11-30,2,2,10.56,0.0,53.0,2022,18.0
Niger,2022-12-31,2,2,10.553225806451614,0.0,63.0,2022,18.0
Nigeria,2020-01-31,12,4,1.97258064516129,0.0,206.0,2020,1008.0
Nigeria,2020-02-29,9,1,11.11,0.0,160.0,2020,1008.0
Nigeria,2020-03-31,3,3,28.88193548387097,0.0,177.0,2020,1008.0
Nigeria,2020-04-30,23,11,83.61133333333333,7.5,242.0,2020,1008.0
Nigeria,2020-05-31,10,6,84.39451612903225,12.5,304.0,2020,1008.0
Nigeria,2020-06-30,11,2,84.26,12.5,300.0,2020,1008.0
Nigeria,2020-07-31,11,9,78.7,12.5,254.0,2020,1008.0
Nigeria,2020-08-31,19,8,69.98129032258065,27.016129032258064,200.0,2020,1008.0
Nigeria,2020-09-30,8,2,60.928,45.833333333333336,227.0,2020,1008.0
Nigeria,2020-10-31,44,50,52.24290322580645,36.29032258064516,246.0,2020,1008.0
Nigeria,2020-11-30,10,7,50.93,0.0,276.0,2020,1008.0
Nigeria,2020-12-31,10,6,53.317096774193544,0.0,263.0,2020,1008.0
Nigeria,2021-01-31,9,11,58.33,0.0,335.0,2021,894.0
Nigeria,2021-02-28,7,0,58.33,0.0,307.0,2021,894.0
Nigeria,2021-03-31,9,5,48.714516129032255,0.0,319.0,2021,894.0
Nigeria,2021-04-30,8,39,46.541666666666664,0.0,324.0,2021,894.0
Nigeria,2021-05-31,3,0,43.46032258064516,0.0,324.0,2021,894.0
Nigeria,2021-06-30,13,13,41.67,0.0,287.0,2021,894.0
Nigeria,2021-07-31,15,8,45.071612903225805,0.0,291.0,2021,894.0
Nigeria,2021-08-31,12,8,43.09774193548387,0.0,295.0,2021,894.0
Nigeria,2021-09-30,18,17,44.876666666666665,0.0,262.0,2021,894.0
Nigeria,2021-10-31,23,6,44.46483870967742,0.0,272.0,2021,894.0
Nigeria,2021-11-30,10,10,41.50633333333334,0.0,259.0,2021,894.0
Nigeria,2021-12-31,10,1,37.90870967741935,0.0,253.0,2021,894.0
Nigeria,2022-01-31,14,35,37.89677419354839,0.0,353.0,2022,910.0
Nigeria,2022-02-28,9,4,37.41892857142857,0.0,332.0,2022,910.0
Nigeria,2022-03-31,15,14,34.98548387096774,0.0,334.0,2022,910.0
Nigeria,2022-04-30,11,15,17.093,0.0,318.0,2022,910.0
Nigeria,2022-05-31,8,1,16.46677419354839,0.0,275.0,2022,910.0
Nigeria,2022-06-30,14,30,16.436,0.0,299.0,2022,910.0
Nigeria,2022-07-31,8,6,16.371612903225806,0.0,293.0,2022,910.0
Nigeria,2022-08-31,18,58,16.32741935483871,0.0,286.0,2022,910.0
Nigeria,2022-09-30,20,5,16.254,0.0,278.0,2022,910.0
Nigeria,2022-10-31,10,5,16.137096774193548,0.0,298.0,2022,910.0
Nigeria,2022-11-30,15,3,16.035999999999998,0.0,314.0,2022,910.0
Nigeria,2022-12-31,13,70,12.848709677419356,0.0,350.0,2022,910.0
Norway,2020-03-31,2,0,47.04290322580645,14.516129032258064,0.0,2020,298.0
Norway,2020-04-30,2,0,76.17333333333333,37.5,0.0,2020,298.0
Norway,2020-06-30,1,0,42.531,37.5,2.0,2020,298.0
Norway,2020-07-31,1,0,40.74,37.5,2.0,2020,298.0
Norway,2020-08-31,3,0,39.75354838709678,37.5,5.0,2020,298.0
Norway,2020-09-30,2,0,36.11,37.5,0.0,2020,298.0
Norway,2021-04-30,1,0,69.53933333333333,37.5,0.0,2021,308.0
Norway,2021-05-31,3,0,61.918064516129036,37.5,1.0,2021,308.0
Norway,2021-07-31,1,0,49.67258064516129,37.5,0.0,2021,308.0
Norway,2021-08-31,9,0,42.11451612903225,37.5,1.0,2021,308.0
Norway,2021-10-31,1,0,20.37,37.5,1.0,2021,308.0
Norway,2021-11-30,1,0,20.740666666666666,37.5,0.0,2021,308.0
Norway,2022-01-31,1,0,47.52967741935484,37.5,0.0,2022,484.0
Norway,2022-02-28,2,0,16.566785714285714,37.5,0.0,2022,484.0
Norway,2022-03-31,2,0,11.11,37.5,0.0,2022,484.0
Norway,2022-04-30,6,0,11.109999999999998,37.5,0.0,2022,484.0
Norway,2022-05-31,2,0,11.11,37.5,0.0,2022,484.0
Norway,2022-06-30,7,0,11.109999999999998,37.5,1.0,2022,484.0
Norway,2022-08-31,1,0,11.11,37.5,0.0,2022,484.0
Norway,2022-09-30,1,0,11.109999999999998,37.5,0.0,2022,484.0
Norway,2022-10-31,2,0,11.11,37.5,0.0,2022,484.0
Norway,2022-11-30,5,0,11.109999999999998,12.5,0.0,2022,484.0
Norway,2022-12-31,1,0,11.11,0.0,0.0,2022,484.0
Pakistan,2020-01-31,4,1,0.26870967741935486,0.0,37.0,2020,8208.0
Pakistan,2020-02-29,4,0,10.43896551724138,0.0,49.0,2020,8208.0
Pakistan,2020-03-31,4,1,55.73516129032258,0.0,40.0,2020,8208.0
Pakistan,2020-04-30,7,3,93.67266666666666,30.833333333333332,57.0,2020,8208.0
Pakistan,2020-05-31,1,1,86.22967741935483,58.87096774193548,53.0,2020,8208.0
Pakistan,2020-06-30,5,0,63.611666666666665,75.0,48.0,2020,8208.0
Pakistan,2020-07-31,7,5,66.46096774193548,75.0,74.0,2020,8208.0
Pakistan,2020-08-31,7,2,53.200322580645164,75.0,55.0,2020,8208.0
Pakistan,2020-09-30,7,2,44.352333333333334,75.0,57.0,2020,8208.0
Pakistan,2020-10-31,1,0,59.960967741935484,75.0,47.0,2020,8208.0
Pakistan,2020-11-30,5,0,54.16866666666667,75.0,60.0,2020,8208.0
Pakistan,2020-12-31,2,9,64.35,75.0,53.0,2020,8208.0
Pakistan,2021-01-31,7,10,61.60290322580644,75.0,52.0,2021,6974.0
Pakistan,2021-02-28,5,2,50.46,75.0,78.0,2021,6974.0
Pakistan,2021-03-31,6,1,52.07419354838709,75.0,84.0,2021,6974.0
Pakistan,2021-04-30,7,5,65.83466666666666,75.0,80.0,2021,6974.0
Pakistan,2021-05-31,7,2,68.62290322580645,75.0,94.0,2021,6974.0
Pakistan,2021-06-30,11,6,60.47833333333333,75.0,103.0,2021,6974.0
Pakistan,2021-07-31,8,3,68.12677419354839,75.0,76.0,2021,6974.0
Pakistan,2021-08-31,5,2,69.00935483870968,75.0,104.0,2021,6974.0
Pakistan,2021-09-30,14,1,62.656333333333336,64.16666666666667,84.0,2021,6974.0
Pakistan,2021-10-31,6,3,44.43516129032258,42.74193548387097,69.0,2021,6974.0
Pakistan,2021-11-30,5,1,42.55766666666667,50.0,72.0,2021,6974.0
Pakistan,2021-12-31,2,0,47.1583870967742,64.51612903225806,75.0,2021,6974.0
Pakistan,2022-01-31,6,1,51.46677419354839,75.0,85.0,2022,6969.0
Pakistan,2022-02-28,12,7,57.3725,75.0,86.0,2022,6969.0
Pakistan,2022-03-31,6,2,52.34290322580645,75.0,83.0,2022,6969.0
Pakistan,2022-04-30,6,7,43.61566666666667,75.0,97.0,2022,6969.0
Pakistan,2022-05-31,8,0,42.80451612903226,75.0,91.0,2022,6969.0
Pakistan,2022-06-30,9,0,42.27633333333333,75.0,109.0,2022,6969.0
Pakistan,2022-07-31,14,8,41.34870967741935,42.74193548387097,130.0,2022,6969.0
Pakistan,2022-08-31,6,0,40.79806451612903,37.903225806451616,92.0,2022,6969.0
Pakistan,2022-09-30,3,1,40.55766666666667,75.0,117.0,2022,6969.0
Pakistan,2022-10-31,11,4,40.55,75.0,127.0,2022,6969.0
Pakistan,2022-11-30,6,2,40.55,75.0,89.0,2022,6969.0
Pakistan,2022-12-31,4,1,40.545483870967736,75.0,109.0,2022,6969.0
Palestine,2020-01-31,2,0,0.0,0.0,208.0,2020,684.0
Palestine,2020-02-29,1,0,1.5337931034482757,0.0,260.0,2020,684.0
Palestine,2020-07-31,1,1,83.06161290322581,50.0,156.0,2020,684.0
Palestine,2020-10-31,3,0,73.09129032258065,37.096774193548384,243.0,2020,684.0
Palestine,2020-11-30,1,0,57.90533333333334,0.0,208.0,2020,684.0
Palestine,2021-02-28,1,0,80.27392857142857,0.0,207.0,2021,1460.0
Palestine,2021-03-31,1,0,76.76032258064515,0.0,188.0,2021,1460.0
Palestine,2021-05-31,1,0,86.38354838709678,0.0,939.0,2021,1460.0
Palestine,2021-06-30,2,1,88.82833333333333,0.0,208.0,2021,1460.0
Palestine,2021-07-31,3,1,88.59161290322581,0.0,169.0,2021,1460.0
Palestine,2021-08-31,1,0,87.04,0.0,162.0,2021,1460.0
Palestine,2021-09-30,2,0,76.762,0.0,322.0,2021,1460.0
Palestine,2021-10-31,1,0,52.78,0.0,245.0,2021,1460.0
Palestine,2021-12-31,1,0,30.56,0.0,315.0,2021,1460.0
Palestine,2022-01-31,1,0,26.524516129032257,0.0,230.0,2022,1298.0
Palestine,2022-04-30,3,0,22.219999999999995,0.0,523.0,2022,1298.0
Palestine,2022-06-30,1,0,22.219999999999995,0.0,290.0,2022,1298.0
Palestine,2022-10-31,1,0,11.11,0.0,650.0,2022,1298.0
Panama,2020-03-31,2,0,42.88967741935484,0.0,2.0,2020,357.0
Panama,2020-04-30,2,0,91.204,2.0833333333333335,3.0,2020,357.0
Panama,2020-08-31,1,0,80.88322580645162,70.96774193548387,4.0,2020,357.0
Panama,2020-09-30,2,0,84.63066666666667,75.0,2.0,2020,357.0
Panama,2020-10-31,1,0,69.3558064516129,75.0,0.0,2020,357.0
Panama,2020-12-31,2,0,66.6974193548387,75.0,1.0,2020,357.0
Panama,2021-01-31,2,0,75.9532258064516,75.0,1.0,2021,493.0
Panama,2021-03-31,1,0,75.23645161290322,75.0,0.0,2021,493.0
Panama,2021-04-30,1,0,67.40799999999999,75.0,0.0,2021,493.0
Panama,2021-05-31,2,0,61.975806451612904,75.0,2.0,2021,493.0
Panama,2022-03-31,2,0,21.64516129032258,25.0,0.0,2022,625.0
Panama,2022-04-30,4,0,19.886666666666667,25.0,0.0,2022,625.0
Panama,2022-05-31,6,0,19.12483870967742,21.774193548387096,0.0,2022,625.0
Panama,2022-06-30,2,0,19.971999999999998,0.0,1.0,2022,625.0
Panama,2022-07-31,4,0,17.69483870967742,0.0,2.0,2022,625.0
Panama,2022-09-30,1,0,13.979666666666667,0.0,1.0,2022,625.0
Panama,2022-10-31,1,0,11.766451612903225,0.0,0.0,2022,625.0
Papua New Guinea,2021-01-31,1,1,62.872258064516124,50.0,11.0,2021,37.0
Papua New Guinea,2021-03-31,3,2,58.2758064516129,50.0,17.0,2021,37.0
Papua New Guinea,2021-07-31,1,1,50.11677419354839,0.0,9.0,2021,37.0
Papua New Guinea,2021-09-30,2,1,50.11466666666667,0.0,6.0,2021,37.0
Papua New Guinea,2021-11-30,1,0,71.60799999999999,25.0,7.0,2021,37.0
Papua New Guinea,2022-01-31,1,0,60.33838709677419,25.0,7.0,2022,35.0
Papua New Guinea,2022-02-28,1,0,55.8125,25.0,5.0,2022,35.0
Papua New Guinea,2022-08-31,1,4,30.411612903225805,3.225806451612903,23.0,2022,35.0
Papua New Guinea,2022-10-31,1,1,14.668064516129032,0.0,14.0,2022,35.0
Papua New Guinea,2022-12-31,1,0,5.56,0.0,8.0,2022,35.0
Paraguay,2020-02-29,1,0,5.56,0.0,2.0,2020,740.0
Paraguay,2020-03-31,1,0,48.35903225806451,0.8064516129032258,1.0,2020,740.0
Paraguay,2020-05-31,1,0,91.51354838709678,75.0,4.0,2020,740.0
Paraguay,2020-07-31,1,0,77.7183870967742,75.0,3.0,2020,740.0
Paraguay,2020-08-31,1,0,79.32774193548389,75.0,2.0,2020,740.0
Paraguay,2020-09-30,1,0,81.48,75.0,5.0,2020,740.0
Paraguay,2020-11-30,1,0,64.196,46.666666666666664,3.0,2020,740.0
Paraguay,2021-02-28,1,1,50.0,25.0,5.0,2021,1264.0
Paraguay,2021-03-31,1,0,52.68806451612903,25.0,3.0,2021,1264.0
Paraguay,2021-04-30,1,0,62.09666666666667,25.0,4.0,2021,1264.0
Paraguay,2021-05-31,1,0,54.50967741935484,25.0,1.0,2021,1264.0
Paraguay,2021-07-31,1,0,49.07,25.0,3.0,2021,1264.0
Paraguay,2021-08-31,6,1,48.23451612903226,14.516129032258064,4.0,2021,1264.0
Paraguay,2021-09-30,1,0,45.37,0.0,7.0,2021,1264.0
Paraguay,2021-10-31,3,1,39.51774193548387,0.0,7.0,2021,1264.0
Paraguay,2021-11-30,1,0,40.925666666666665,0.0,4.0,2021,1264.0
Paraguay,2022-01-31,2,0,35.36903225806451,0.0,4.0,2022,1105.0
Paraguay,2022-03-31,3,0,29.738064516129032,0.0,6.0,2022,1105.0
Paraguay,2022-04-30,1,1,28.548000000000002,0.0,5.0,2022,1105.0
Paraguay,2022-05-31,1,0,20.57903225806452,0.0,1.0,2022,1105.0
Paraguay,2022-07-31,5,1,13.89,0.0,3.0,2022,1105.0
Paraguay,2022-08-31,2,1,13.89,0.0,3.0,2022,1105.0
Paraguay,2022-09-30,2,0,10.186666666666667,0.0,3.0,2022,1105.0
Paraguay,2022-11-30,6,2,11.109999999999998,0.0,16.0,2022,1105.0
Paraguay,2022-12-31,1,0,11.11,0.0,12.0,2022,1105.0
Peru,2020-01-31,3,0,0.0,0.0,10.0,2020,1061.0
Peru,2020-02-29,3,0,0.0,0.0,13.0,2020,1061.0
Peru,2020-03-31,3,0,58.51032258064516,35.483870967741936,16.0,2020,1061.0
Peru,2020-04-30,7,0,94.44,75.0,16.0,2020,1061.0
Peru,2020-05-31,4,0,93.15903225806451,75.0,6.0,2020,1061.0
Peru,2020-06-30,13,0,89.81,75.0,10.0,2020,1061.0
Peru,2020-07-31,6,0,78.25580645161291,75.0,8.0,2020,1061.0
Peru,2020-08-31,5,0,83.87354838709678,75.0,10.0,2020,1061.0
Peru,2020-09-30,4,0,85.19,75.0,22.0,2020,1061.0
Peru,2020-10-31,3,0,81.06483870967742,75.0,15.0,2020,1061.0
Peru,2020-11-30,15,0,73.826,63.333333333333336,21.0,2020,1061.0
Peru,2021-01-31,2,0,61.17387096774194,50.0,11.0,2021,1257.0
Peru,2021-02-28,2,0,74.00714285714285,50.0,14.0,2021,1257.0
Peru,2021-03-31,6,0,71.32612903225807,50.0,15.0,2021,1257.0
Peru,2021-05-31,3,0,63.49741935483871,50.0,20.0,2021,1257.0
Peru,2021-06-30,3,0,63.20666666666667,50.0,7.0,2021,1257.0
Peru,2021-07-31,3,0,63.46935483870968,60.483870967741936,7.0,2021,1257.0
Peru,2021-08-31,4,0,63.2,56.45161290322581,8.0,2021,1257.0
Peru,2021-09-30,3,0,60.651666666666664,50.0,13.0,2021,1257.0
Peru,2021-10-31,1,0,57.67903225806452,50.0,11.0,2021,1257.0
Peru,2021-11-30,2,0,58.05,50.0,5.0,2021,1257.0
Peru,2021-12-31,3,0,56.57290322580645,50.0,16.0,2021,1257.0
Peru,2022-01-31,1,0,53.593870967741935,50.0,7.0,2022,1920.0
Peru,2022-02-28,2,0,45.253571428571426,50.0,16.0,2022,1920.0
Peru,2022-03-31,6,0,36.18387096774194,50.0,7.0,2022,1920.0
Peru,2022-04-30,2,0,33.61066666666667,50.0,12.0,2022,1920.0
Peru,2022-06-30,4,0,32.803666666666665,25.0,13.0,2022,1920.0
Peru,2022-07-31,6,0,28.536451612903225,20.161290322580644,7.0,2022,1920.0
Peru,2022-08-31,2,0,28.47806451612903,0.0,8.0,2022,1920.0
Peru,2022-09-30,1,0,28.438,0.0,15.0,2022,1920.0
Peru,2022-10-31,2,0,21.20806451612903,0.0,10.0,2022,1920.0
Peru,2022-11-30,4,0,11.109999999999998,0.0,10.0,2022,1920.0
Peru,2022-12-31,4,0,11.11,0.0,6.0,2022,1920.0
Philippines,2020-01-31,41,48,3.135806451612903,0.0,135.0,2020,322.0
Philippines,2020-02-29,54,60,23.849655172413794,0.0,139.0,2020,322.0
Philippines,2020-03-31,27,32,64.84451612903226,0.0,100.0,2020,322.0
Philippines,2020-04-30,26,32,100.0,49.166666666666664,107.0,2020,322.0
Philippines,2020-05-31,48,55,94.50774193548386,20.56451612903226,130.0,2020,322.0
Philippines,2020-06-30,44,54,78.76666666666667,12.5,112.0,2020,322.0
Philippines,2020-07-31,42,41,77.38806451612902,32.25806451612903,117.0,2020,322.0
Philippines,2020-08-31,34,34,75.20870967741935,25.0,92.0,2020,322.0
Philippines,2020-09-30,25,23,67.13,58.333333333333336,93.0,2020,322.0
Philippines,2020-10-31,20,17,68.26387096774195,75.0,81.0,2020,322.0
Philippines,2020-11-30,20,21,68.98,75.0,83.0,2020,322.0
Philippines,2020-12-31,38,52,66.82774193548389,75.0,123.0,2020,322.0
Philippines,2021-01-31,45,56,71.58064516129032,25.0,135.0,2021,279.0
Philippines,2021-02-28,35,41,72.2225,30.357142857142858,109.0,2021,279.0
Philippines,2021-03-31,41,51,74.47451612903225,1.6129032258064515,101.0,2021,279.0
Philippines,2021-04-30,40,43,77.96566666666666,4.166666666666667,94.0,2021,279.0
Philippines,2021-05-31,49,59,69.85032258064517,0.0,108.0,2021,279.0
Philippines,2021-06-30,29,35,73.706,0.0,90.0,2021,279.0
Philippines,2021-07-31,21,27,71.54709677419355,0.0,79.0,2021,279.0
Philippines,2021-08-31,9,8,77.39193548387097,0.0,72.0,2021,279.0
Philippines,2021-09-30,15,17,74.80466666666666,0.0,59.0,2021,279.0
Philippines,2021-10-31,12,21,76.58064516129032,0.0,49.0,2021,279.0
Philippines,2021-11-30,7,5,67.595,0.0,41.0,2021,279.0
Philippines,2021-12-31,4,2,66.06870967741936,0.0,64.0,2021,279.0
Philippines,2022-01-31,10,5,64.07354838709678,0.0,65.0,2022,278.0
Philippines,2022-02-28,9,14,57.950357142857136,0.0,61.0,2022,278.0
Philippines,2022-03-31,6,5,57.61870967741935,0.0,69.0,2022,278.0
Philippines,2022-04-30,6,8,28.815,0.0,70.0,2022,278.0
Philippines,2022-05-31,13,8,30.825806451612905,0.0,114.0,2022,278.0
Philippines,2022-06-30,9,7,30.645,0.0,88.0,2022,278.0
Philippines,2022-07-31,18,18,30.506129032258066,0.0,66.0,2022,278.0
Philippines,2022-08-31,8,6,30.458064516129035,0.0,67.0,2022,278.0
Philippines,2022-09-30,8,6,30.38266666666667,8.333333333333334,55.0,2022,278.0
Philippines,2022-10-31,14,18,30.323225806451614,0.0,74.0,2022,278.0
Philippines,2022-11-30,8,8,25.415333333333333,0.0,85.0,2022,278.0
Philippines,2022-12-31,4,6,25.41,0.0,38.0,2022,278.0
Poland,2020-03-31,1,0,41.45870967741936,11.290322580645162,0.0,2020,1835.0
Poland,2020-05-31,4,0,81.5383870967742,37.5,0.0,2020,1835.0
Poland,2020-06-30,1,0,57.77766666666666,37.5,0.0,2020,1835.0
Poland,2020-07-31,2,0,42.679677419354846,37.5,0.0,2020,1835.0
Poland,2020-08-31,4,0,39.81,37.5,2.0,2020,1835.0
Poland,2020-09-30,2,0,30.493999999999996,53.75,0.0,2020,1835.0
Poland,2020-10-31,16,0,43.08806451612903,75.0,0.0,2020,1835.0
Poland,2020-11-30,8,0,74.26,75.0,0.0,2020,1835.0
Poland,2020-12-31,5,0,75.17935483870967,75.0,1.0,2020,1835.0
Poland,2021-01-31,5,0,73.50838709677419,75.0,1.0,2021,1814.0
Poland,2021-02-28,7,0,71.43214285714285,75.0,1.0,2021,1814.0
Poland,2021-03-31,7,0,72.04322580645162,75.0,1.0,2021,1814.0
Poland,2021-04-30,5,0,74.13766666666668,75.0,0.0,2021,1814.0
Poland,2021-05-31,4,0,63.506129032258066,75.0,1.0,2021,1814.0
Poland,2021-06-30,2,0,51.90333333333333,75.0,2.0,2021,1814.0
Poland,2021-07-31,4,0,42.44935483870968,76.61290322580645,2.0,2021,1814.0
Poland,2021-08-31,8,1,36.35548387096774,100.0,2.0,2021,1814.0
Poland,2021-09-30,1,0,34.516,100.0,0.0,2021,1814.0
Poland,2021-10-31,4,0,32.93741935483871,100.0,1.0,2021,1814.0
Poland,2021-11-30,5,0,38.527,100.0,34.0,2021,1814.0
Poland,2021-12-31,4,0,46.68516129032258,100.0,39.0,2021,1814.0
Poland,2022-01-31,2,0,45.368709677419346,100.0,19.0,2022,1166.0
Poland,2022-02-28,2,0,42.49392857142857,100.0,15.0,2022,1166.0
Poland,2022-03-31,1,0,21.526129032258062,0.0,23.0,2022,1166.0
Poland,2022-06-30,3,0,14.81,0.0,2.0,2022,1166.0
Poland,2022-07-31,1,0,14.81,0.0,2.0,2022,1166.0
Poland,2022-08-31,1,0,12.303548387096775,0.0,0.0,2022,1166.0
Poland,2022-09-30,1,0,9.26,0.0,1.0,2022,1166.0
Poland,2022-11-30,5,0,9.26,0.0,0.0,2022,1166.0
Poland,2022-12-31,2,0,9.26,0.0,0.0,2022,1166.0
Portugal,2020-01-31,1,0,1.0761290322580646,0.0,1.0,2020,364.0
Portugal,2020-02-29,1,0,5.56,0.0,1.0,2020,364.0
Portugal,2020-03-31,1,1,50.63,43.54838709677419,1.0,2020,364.0
Portugal,2021-04-30,2,0,69.62966666666667,75.0,1.0,2021,618.0
Portugal,2021-05-31,1,0,65.32387096774194,75.0,1.0,2021,618.0
Portugal,2021-09-30,1,0,49.82533333333333,75.0,0.0,2021,618.0
Portugal,2022-06-30,1,0,13.890000000000002,0.0,0.0,2022,333.0
Portugal,2022-07-31,1,0,13.89,0.0,0.0,2022,333.0
Portugal,2022-10-31,1,0,11.11,0.0,0.0,2022,333.0
Portugal,2022-11-30,1,0,11.109999999999998,0.0,0.0,2022,333.0
Puerto Rico,2020-04-30,1,0,93.52,50.0,8.0,2020,35.0
Puerto Rico,2021-06-30,1,0,32.038,55.0,14.0,2021,132.0
Puerto Rico,2021-07-31,3,0,26.40741935483871,25.0,14.0,2021,132.0
Puerto Rico,2021-08-31,2,0,25.001935483870966,25.0,15.0,2021,132.0
Puerto Rico,2021-09-30,1,0,26.08533333333333,2.5,19.0,2021,132.0
Puerto Rico,2021-11-30,2,0,24.105,0.0,23.0,2021,132.0
Puerto Rico,2022-02-28,2,0,29.829285714285714,0.0,24.0,2022,136.0
Puerto Rico,2022-06-30,1,0,19.323,0.0,18.0,2022,136.0
Puerto Rico,2022-07-31,1,0,24.89032258064516,0.0,24.0,2022,136.0
Puerto Rico,2022-08-31,2,1,20.91548387096774,0.0,16.0,2022,136.0
Puerto Rico,2022-10-31,2,1,15.72,0.0,29.0,2022,136.0
Romania,2020-04-30,1,0,87.04,87.5,8.0,2020,188.0
Romania,2020-07-31,1,0,48.77258064516129,87.5,1.0,2020,188.0
Romania,2020-08-31,1,0,49.07,87.5,1.0,2020,188.0
Romania,2020-09-30,2,0,46.17166666666666,87.5,1.0,2020,188.0
Romania,2020-11-30,1,0,69.44233333333334,87.5,0.0,2020,188.0
Romania,2021-01-31,1,0,76.85,87.5,0.0,2021,458.0
Romania,2021-03-31,5,0,70.10096774193549,65.7258064516129,0.0,2021,458.0
Romania,2021-08-31,1,0,53.5258064516129,62.5,2.0,2021,458.0
Romania,2022-01-31,1,0,56.48,62.5,2.0,2022,210.0
Romania,2022-02-28,1,0,50.93,62.5,1.0,2022,210.0
Romania,2022-07-31,1,0,11.11,75.0,0.0,2022,210.0
Romania,2022-10-31,1,0,11.11,37.5,0.0,2022,210.0
Romania,2022-11-30,1,0,11.109999999999998,37.5,1.0,2022,210.0
Russia,2020-01-31,6,0,0.5374193548387097,0.0,1.0,2020,1553.0
Russia,2020-02-29,19,0,8.33,0.0,8.0,2020,1553.0
Russia,2020-03-31,14,0,41.905806451612904,0.0,4.0,2020,1553.0
Russia,2020-04-30,15,0,85.49833333333332,50.0,8.0,2020,1553.0
Russia,2020-05-31,16,0,80.70612903225806,62.5,3.0,2020,1553.0
Russia,2020-06-30,25,0,64.354,62.5,3.0,2020,1553.0
Russia,2020-07-31,38,1,56.85709677419354,62.5,9.0,2020,1553.0
Russia,2020-08-31,37,0,54.17,62.5,13.0,2020,1553.0
Russia,2020-09-30,11,1,38.95166666666667,37.5,5.0,2020,1553.0
Russia,2020-10-31,8,0,45.761935483870964,37.5,13.0,2020,1553.0
Russia,2020-11-30,27,0,46.207333333333324,37.5,2.0,2020,1553.0
Russia,2020-12-31,13,0,47.69,37.5,6.0,2020,1553.0
Russia,2021-01-31,223,0,49.86387096774193,37.5,11.0,2021,1585.0
Russia,2021-02-28,18,0,45.83,37.5,11.0,2021,1585.0
Russia,2021-03-31,10,0,40.51741935483871,37.5,10.0,2021,1585.0
Russia,2021-04-30,81,1,39.35,37.5,13.0,2021,1585.0
Russia,2021-05-31,10,1,36.57,37.5,9.0,2021,1585.0
Russia,2021-06-30,10,0,44.535666666666664,44.583333333333336,10.0,2021,1585.0
Russia,2021-07-31,22,2,33.920967741935485,29.032258064516128,19.0,2021,1585.0
Russia,2021-08-31,23,1,46.28193548387097,47.58064516129032,18.0,2021,1585.0
Russia,2021-09-30,28,0,56.32533333333333,75.0,19.0,2021,1585.0
Russia,2021-10-31,26,1,56.14064516129033,75.0,18.0,2021,1585.0
Russia,2021-11-30,27,0,53.952,75.0,17.0,2021,1585.0
Russia,2021-12-31,16,1,54.49709677419355,75.0,6.0,2021,1585.0
Russia,2022-01-31,17,1,49.686129032258066,75.0,12.0,2022,1304.0
Russia,2022-02-28,122,0,39.294285714285714,65.17857142857143,14.0,2022,1304.0
Russia,2022-03-31,169,0,35.77967741935484,62.5,20.0,2022,1304.0
Russia,2022-04-30,31,0,35.36566666666667,62.5,30.0,2022,1304.0
Russia,2022-05-31,22,4,23.936451612903223,4.032258064516129,34.0,2022,1304.0
Russia,2022-06-30,11,0,23.104,0.0,18.0,2022,1304.0
Russia,2022-07-31,22,1,27.79548387096774,0.0,49.0,2022,1304.0
Russia,2022-08-31,14,0,31.02,0.0,37.0,2022,1304.0
Russia,2022-09-30,69,0,31.02,0.0,45.0,2022,1304.0
Russia,2022-10-31,15,2,27.258064516129032,0.0,68.0,2022,1304.0
Russia,2022-11-30,13,4,19.216,0.0,66.0,2022,1304.0
Russia,2022-12-31,11,4,11.11,0.0,48.0,2022,1304.0
Rwanda,2020-01-31,4,10,4.3906451612903235,0.0,4.0,2020,1.0
Rwanda,2020-02-29,2,2,13.89,0.0,2.0,2020,1.0
Rwanda,2020-03-31,2,2,49.07354838709677,22.580645161290324,3.0,2020,1.0
Rwanda,2020-04-30,4,2,90.74,50.416666666666664,3.0,2020,1.0
Rwanda,2020-05-31,4,17,74.85225806451614,62.5,6.0,2020,1.0
Rwanda,2020-06-30,5,3,74.04500000000002,62.5,6.0,2020,1.0
Rwanda,2020-07-31,6,8,75.14774193548386,62.5,7.0,2020,1.0
Rwanda,2020-08-31,4,4,71.98225806451613,62.5,4.0,2020,1.0
Rwanda,2020-09-30,2,2,77.59,62.5,2.0,2020,1.0
Rwanda,2020-10-31,1,1,67.35483870967742,62.5,1.0,2020,1.0
Rwanda,2020-12-31,2,2,66.6058064516129,62.5,2.0,2020,1.0
Rwanda,2021-02-28,2,2,73.77392857142857,62.5,8.0,2021,1.0
Rwanda,2021-03-31,1,1,71.65741935483871,62.5,4.0,2021,1.0
Rwanda,2021-04-30,5,10,71.3,62.5,5.0,2021,1.0
Rwanda,2021-07-31,2,2,54.63,62.5,3.0,2021,1.0
Rwanda,2021-08-31,1,1,54.63,62.5,1.0,2021,1.0
Rwanda,2021-09-30,1,0,51.94266666666667,0.0,2.0,2021,1.0
Rwanda,2021-10-31,2,2,51.85,0.0,2.0,2021,1.0
Rwanda,2021-11-30,1,2,51.989000000000004,0.0,1.0,2021,1.0
Rwanda,2022-01-31,1,1,70.61419354838709,0.0,1.0,2022,3.0
Rwanda,2022-03-31,2,1,48.738064516129036,0.0,2.0,2022,3.0
Rwanda,2022-04-30,2,3,45.43633333333334,0.0,2.0,2022,3.0
Rwanda,2022-05-31,1,0,41.93935483870968,0.0,5.0,2022,3.0
Rwanda,2022-06-30,1,0,40.29866666666667,0.0,4.0,2022,3.0
Rwanda,2022-09-30,3,3,28.823,0.0,3.0,2022,3.0
Saudi Arabia,2020-04-30,2,10,91.72933333333334,51.666666666666664,3.0,2020,4.0
Saudi Arabia,2020-06-30,1,0,78.39333333333333,62.5,5.0,2020,4.0
Saudi Arabia,2021-02-28,1,0,57.012499999999996,62.5,6.0,2021,1.0
Saudi Arabia,2021-03-31,1,0,54.418064516129036,62.5,23.0,2021,1.0
Saudi Arabia,2021-09-30,1,1,62.593333333333334,0.0,2.0,2021,1.0
Saudi Arabia,2021-11-30,1,0,46.218333333333334,0.0,8.0,2021,1.0
Saudi Arabia,2022-04-30,2,0,42.52033333333333,0.0,1.0,2022,1.0
Saudi Arabia,2022-06-30,2,5,22.997999999999998,0.0,2.0,2022,1.0
Saudi Arabia,2022-08-31,1,0,11.11,0.0,2.0,2022,1.0
Saudi Arabia,2022-09-30,1,0,11.109999999999998,0.0,1.0,2022,1.0
Saudi Arabia,2022-10-31,2,0,11.11,0.0,2.0,2022,1.0
Senegal,2020-03-31,1,0,34.32,0.0,2.0,2020,63.0
Senegal,2020-06-30,1,0,62.221666666666664,62.5,7.0,2020,63.0
Senegal,2020-08-31,2,0,46.384516129032264,75.0,3.0,2020,63.0
Senegal,2020-10-31,2,0,38.05193548387097,75.0,2.0,2020,63.0
Senegal,2020-11-30,1,0,33.27333333333333,75.0,2.0,2020,63.0
Senegal,2020-12-31,1,0,39.75741935483871,16.93548387096774,0.0,2020,63.0
Senegal,2021-04-30,1,0,21.666,0.0,7.0,2021,151.0
Senegal,2021-05-31,3,0,19.44,0.0,6.0,2021,151.0
Senegal,2021-06-30,2,0,19.44,0.0,7.0,2021,151.0
Senegal,2021-07-31,2,0,19.44,0.0,2.0,2021,151.0
Senegal,2021-09-30,2,0,19.44,0.0,2.0,2021,151.0
Senegal,2021-10-31,3,1,19.44,0.0,8.0,2021,151.0
Senegal,2021-11-30,3,0,14.075,0.0,4.0,2021,151.0
Senegal,2022-01-31,2,0,13.89,0.0,21.0,2022,130.0
Senegal,2022-03-31,1,0,13.89,0.0,7.0,2022,130.0
Senegal,2022-05-31,3,0,13.89,0.0,4.0,2022,130.0
Senegal,2022-06-30,4,1,13.890000000000002,0.0,7.0,2022,130.0
Senegal,2022-07-31,3,0,13.89,0.0,6.0,2022,130.0
Senegal,2022-09-30,1,0,13.890000000000002,0.0,1.0,2022,130.0
Senegal,2022-10-31,3,0,13.89,0.0,4.0,2022,130.0
Senegal,2022-11-30,1,0,13.890000000000002,0.0,3.0,2022,130.0
Senegal,2022-12-31,1,0,13.89,0.0,3.0,2022,130.0
Serbia,2020-10-31,1,0,54.002258064516134,62.5,3.0,2020,398.0
Serbia,2021-09-30,2,0,39.443,75.0,1.0,2021,383.0
Serbia,2021-11-30,4,0,39.815000000000005,75.0,0.0,2021,383.0
Serbia,2022-01-31,2,0,30.37322580645161,69.35483870967742,1.0,2022,381.0
Serbia,2022-02-28,1,0,36.11,50.0,3.0,2022,381.0
Serbia,2022-03-31,1,0,36.11,50.0,0.0,2022,381.0
Serbia,2022-07-31,1,0,11.11,37.5,0.0,2022,381.0
Serbia,2022-10-31,1,0,11.11,37.5,1.0,2022,381.0
Sierra Leone,2020-01-31,1,0,0.0,0.0,12.0,2020,37.0
Sierra Leone,2020-02-29,1,0,0.0,0.0,7.0,2020,37.0
Sierra Leone,2020-03-31,1,0,15.084516129032258,11.290322580645162,2.0,2020,37.0
Sierra Leone,2020-04-30,3,0,76.545,25.0,6.0,2020,37.0
Sierra Leone,2020-06-30,2,0,57.589666666666666,25.0,0.0,2020,37.0
Sierra Leone,2021-01-31,1,0,42.26741935483871,0.0,4.0,2021,11.0
Sierra Leone,2021-04-30,1,0,50.18866666666667,0.0,3.0,2021,11.0
Sierra Leone,2021-11-30,1,0,47.26533333333334,0.0,2.0,2021,11.0
Sierra Leone,2022-03-31,1,0,45.56096774193548,0.0,0.0,2022,11.0
Sierra Leone,2022-06-30,1,0,41.77133333333333,0.0,3.0,2022,11.0
Sierra Leone,2022-07-31,2,1,41.261935483870964,0.0,6.0,2022,11.0
Sierra Leone,2022-08-31,3,2,40.799354838709675,0.0,3.0,2022,11.0
Singapore,2021-01-31,1,0,50.93,100.0,0.0,2021,3.0
Slovenia,2020-05-31,1,0,57.88677419354839,75.0,0.0,2020,133.0
Slovenia,2020-06-30,1,0,39.85633333333333,75.0,0.0,2020,133.0
Slovenia,2020-10-31,1,0,57.79387096774193,74.19354838709677,0.0,2020,133.0
Slovenia,2021-01-31,1,0,79.86870967741936,75.0,0.0,2021,141.0
Slovenia,2021-05-31,1,0,50.06354838709677,75.0,0.0,2021,141.0
Slovenia,2021-06-30,1,0,42.22966666666667,75.0,0.0,2021,141.0
Slovenia,2021-09-30,1,0,42.67933333333334,45.833333333333336,0.0,2021,141.0
Slovenia,2021-10-31,2,0,42.67290322580645,61.693548387096776,0.0,2021,141.0
Slovenia,2021-12-31,2,0,54.15677419354839,75.0,0.0,2021,141.0
Solomon Islands,2022-02-28,1,0,86.46857142857142,0.0,1.0,2022,5.0
Somalia,2020-01-31,11,5,0.0,0.0,193.0,2020,152.0
Somalia,2020-02-29,11,7,0.0,0.0,213.0,2020,152.0
Somalia,2020-03-31,9,6,22.85,0.0,238.0,2020,152.0
Somalia,2020-04-30,7,5,60.18666666666666,0.0,228.0,2020,152.0
Somalia,2020-05-31,17,18,64.69612903225806,0.0,258.0,2020,152.0
Somalia,2020-06-30,19,15,53.95466666666667,0.0,213.0,2020,152.0
Somalia,2020-07-31,16,8,31.48,3.225806451612903,195.0,2020,152.0
Somalia,2020-08-31,7,4,21.35516129032258,23.387096774193548,234.0,2020,152.0
Somalia,2020-09-30,4,4,38.27133333333334,0.0,225.0,2020,152.0
Somalia,2020-10-31,5,3,45.79032258064516,0.0,206.0,2020,152.0
Somalia,2020-11-30,15,9,38.82566666666666,0.0,266.0,2020,152.0
Somalia,2020-12-31,13,7,37.96,0.0,313.0,2020,152.0
Somalia,2021-01-31,4,5,19.267419354838708,0.0,311.0,2021,90.0
Somalia,2021-02-28,11,4,22.950357142857143,0.0,295.0,2021,90.0
Somalia,2021-03-31,6,4,53.07774193548387,25.0,238.0,2021,90.0
Somalia,2021-04-30,11,2,37.532666666666664,25.0,236.0,2021,90.0
Somalia,2021-05-31,7,5,33.75,25.0,219.0,2021,90.0
Somalia,2021-06-30,5,2,35.18999999999999,25.0,253.0,2021,90.0
Somalia,2021-07-31,5,2,35.19,25.0,250.0,2021,90.0
Somalia,2021-08-31,4,5,35.19,25.0,222.0,2021,90.0
Somalia,2021-09-30,10,9,35.83633333333333,25.0,242.0,2021,90.0
Somalia,2021-10-31,2,2,37.96,25.0,236.0,2021,90.0
Somalia,2021-11-30,5,5,37.96,25.0,234.0,2021,90.0
Somalia,2021-12-31,15,11,41.67,15.32258064516129,311.0,2021,90.0
Somalia,2022-01-31,10,5,36.468709677419355,0.0,214.0,2022,92.0
Somalia,2022-02-28,14,8,40.28000000000001,0.0,237.0,2022,92.0
Somalia,2022-03-31,9,8,41.49,0.0,203.0,2022,92.0
Somalia,2022-04-30,9,6,20.802000000000003,0.0,281.0,2022,92.0
Somalia,2022-05-31,13,8,13.89,0.0,269.0,2022,92.0
Somalia,2022-06-30,16,8,13.890000000000002,0.0,238.0,2022,92.0
Somalia,2022-07-31,7,6,13.89,0.0,204.0,2022,92.0
Somalia,2022-08-31,17,10,13.89,0.0,336.0,2022,92.0
Somalia,2022-09-30,9,11,13.890000000000002,0.0,340.0,2022,92.0
Somalia,2022-10-31,9,10,13.35193548387097,0.0,266.0,2022,92.0
Somalia,2022-11-30,10,9,7.04,0.0,259.0,2022,92.0
Somalia,2022-12-31,21,27,5.56,0.0,273.0,2022,92.0
South Africa,2020-01-31,8,0,0.8070967741935484,0.0,16.0,2020,1590.0
South Africa,2020-02-29,10,0,2.78,0.0,19.0,2020,1590.0
South Africa,2020-03-31,7,2,39.33806451612903,0.0,25.0,2020,1590.0
South Africa,2020-04-30,19,7,87.96,8.333333333333334,30.0,2020,1590.0
South Africa,2020-05-31,13,2,84.26,29.838709677419356,22.0,2020,1590.0
South Africa,2020-06-30,13,0,77.71566666666666,75.0,20.0,2020,1590.0
South Africa,2020-07-31,18,2,79.4816129032258,75.0,24.0,2020,1590.0
South Africa,2020-08-31,9,0,73.98322580645161,75.0,21.0,2020,1590.0
South Africa,2020-09-30,14,1,66.78966666666666,75.0,22.0,2020,1590.0
South Africa,2020-10-31,15,4,49.85387096774193,75.0,26.0,2020,1590.0
South Africa,2020-11-30,8,1,43.424,75.0,23.0,2020,1590.0
South Africa,2020-12-31,4,2,45.997741935483866,75.0,17.0,2020,1590.0
South Africa,2021-01-31,3,0,62.961612903225806,75.0,29.0,2021,1615.0
South Africa,2021-02-28,6,1,57.042142857142856,75.0,32.0,2021,1615.0
South Africa,2021-03-31,5,0,48.15,75.0,31.0,2021,1615.0
South Africa,2021-04-30,3,0,45.833333333333336,75.0,32.0,2021,1615.0
South Africa,2021-05-31,6,1,45.37,75.0,27.0,2021,1615.0
South Africa,2021-06-30,7,3,51.32833333333333,37.5,29.0,2021,1615.0
South Africa,2021-07-31,6,3,68.27741935483871,39.516129032258064,32.0,2021,1615.0
South Africa,2021-08-31,6,0,51.85,50.0,27.0,2021,1615.0
South Africa,2021-09-30,9,1,47.83866666666666,50.0,22.0,2021,1615.0
South Africa,2021-10-31,9,0,48.15,50.0,39.0,2021,1615.0
South Africa,2021-11-30,5,0,49.076,50.0,38.0,2021,1615.0
South Africa,2021-12-31,3,0,56.57322580645161,50.0,20.0,2021,1615.0
South Africa,2022-01-31,4,1,44.44,50.0,38.0,2022,1641.0
South Africa,2022-02-28,9,0,43.25071428571429,50.0,44.0,2022,1641.0
South Africa,2022-03-31,7,1,38.60193548387097,50.0,31.0,2022,1641.0
South Africa,2022-04-30,5,0,36.00666666666667,50.0,34.0,2022,1641.0
South Africa,2022-05-31,8,0,36.05903225806451,50.0,30.0,2022,1641.0
South Africa,2022-06-30,4,0,28.479,50.0,47.0,2022,1641.0
South Africa,2022-07-31,5,0,11.11,45.16129032258065,49.0,2022,1641.0
South Africa,2022-08-31,4,0,11.11,25.0,31.0,2022,1641.0
South Africa,2022-09-30,3,1,11.109999999999998,25.0,49.0,2022,1641.0
South Africa,2022-10-31,1,0,11.11,25.0,29.0,2022,1641.0
South Africa,2022-11-30,2,0,11.109999999999998,25.0,30.0,2022,1641.0
South Africa,2022-12-31,2,0,11.11,25.0,19.0,2022,1641.0
South Korea,2020-01-31,5,0,0.08967741935483871,0.0,1.0,2020,5012.0
South Korea,2020-02-29,4,0,36.55827586206897,0.0,3.0,2020,5012.0
South Korea,2020-05-31,2,0,43.56258064516129,50.0,2.0,2020,5012.0
South Korea,2020-08-31,1,0,53.24,50.0,0.0,2020,5012.0
South Korea,2020-09-30,1,0,51.094,50.0,0.0,2020,5012.0
South Korea,2020-10-31,2,0,57.645483870967745,50.0,0.0,2020,5012.0
South Korea,2020-11-30,3,0,52.840333333333334,50.0,0.0,2020,5012.0
South Korea,2021-03-31,5,0,58.33,25.0,1.0,2021,6366.0
South Korea,2021-04-30,6,0,58.33,25.0,0.0,2021,6366.0
South Korea,2021-05-31,4,0,50.806451612903224,25.0,0.0,2021,6366.0
South Korea,2021-06-30,12,0,50.0,25.0,0.0,2021,6366.0
South Korea,2021-07-31,10,0,44.27645161290322,25.0,0.0,2021,6366.0
South Korea,2021-08-31,11,0,50.19129032258065,25.0,0.0,2021,6366.0
South Korea,2021-09-30,14,0,45.595333333333336,25.0,0.0,2021,6366.0
South Korea,2021-10-31,12,0,43.71387096774194,25.0,0.0,2021,6366.0
South Korea,2021-11-30,8,0,42.19666666666667,25.0,1.0,2021,6366.0
South Korea,2021-12-31,7,0,45.09903225806451,25.0,0.0,2021,6366.0
South Korea,2022-01-31,4,0,46.29806451612903,25.0,0.0,2022,6075.0
South Korea,2022-02-28,5,0,42.28035714285714,25.0,1.0,2022,6075.0
South Korea,2022-04-30,1,0,27.529666666666667,25.0,1.0,2022,6075.0
South Korea,2022-05-31,1,0,13.89,25.0,0.0,2022,6075.0
South Korea,2022-06-30,14,0,13.890000000000002,25.0,2.0,2022,6075.0
South Korea,2022-07-31,5,0,13.89,30.64516129032258,0.0,2022,6075.0
South Korea,2022-08-31,4,0,13.89,50.0,0.0,2022,6075.0
South Korea,2022-10-31,2,0,11.11,50.0,0.0,2022,6075.0
South Korea,2022-11-30,5,0,11.109999999999998,50.0,0.0,2022,6075.0
South Korea,2022-12-31,4,0,11.11,50.0,0.0,2022,6075.0
South Sudan,2020-01-31,2,2,0.0,0.0,56.0,2020,51.0
South Sudan,2020-02-29,5,2,1.150344827586207,0.0,51.0,2020,51.0
South Sudan,2020-03-31,5,3,31.3341935483871,0.0,63.0,2020,51.0
South Sudan,2020-04-30,8,12,80.988,2.5,92.0,2020,51.0
South Sudan,2020-05-31,16,17,77.8383870967742,25.0,108.0,2020,51.0
South Sudan,2020-06-30,4,2,85.19,25.0,77.0,2020,51.0
South Sudan,2020-07-31,7,8,81.60548387096775,25.0,91.0,2020,51.0
South Sudan,2020-08-31,5,1,79.78000000000002,25.0,48.0,2020,51.0
South Sudan,2020-09-30,1,2,63.147,25.0,41.0,2020,51.0
South Sudan,2020-10-31,3,0,42.266774193548386,5.645161290322581,43.0,2020,51.0
South Sudan,2020-11-30,3,3,44.26,0.0,61.0,2020,51.0
South Sudan,2020-12-31,6,4,48.62806451612904,0.0,119.0,2020,51.0
South Sudan,2021-01-31,5,3,44.296451612903226,0.0,144.0,2021,46.0
South Sudan,2021-02-28,10,5,61.57142857142857,0.0,180.0,2021,46.0
South Sudan,2021-03-31,10,8,62.96,0.0,252.0,2021,46.0
South Sudan,2021-04-30,5,6,52.465333333333334,0.0,112.0,2021,46.0
South Sudan,2021-05-31,17,13,34.04677419354839,0.0,186.0,2021,46.0
South Sudan,2021-06-30,9,10,33.33,0.0,129.0,2021,46.0
South Sudan,2021-07-31,9,13,33.33,0.0,145.0,2021,46.0
South Sudan,2021-08-31,8,2,35.42193548387097,23.387096774193548,118.0,2021,46.0
South Sudan,2021-09-30,5,7,46.296,25.0,107.0,2021,46.0
South Sudan,2021-10-31,7,0,46.29,25.0,104.0,2021,46.0
South Sudan,2021-11-30,6,4,46.279,24.166666666666668,106.0,2021,46.0
South Sudan,2021-12-31,6,2,48.880967741935486,0.0,167.0,2021,46.0
South Sudan,2022-01-31,6,3,50.06645161290322,12.096774193548388,134.0,2022,64.0
South Sudan,2022-02-28,17,6,28.492142857142856,0.0,162.0,2022,64.0
South Sudan,2022-03-31,6,5,27.66709677419355,0.0,167.0,2022,64.0
South Sudan,2022-04-30,25,168,27.642999999999997,0.0,173.0,2022,64.0
South Sudan,2022-05-31,5,5,24.86967741935484,0.0,133.0,2022,64.0
South Sudan,2022-06-30,5,1,23.82,0.0,100.0,2022,64.0
South Sudan,2022-07-31,10,65,22.08516129032258,0.8064516129032258,98.0,2022,64.0
South Sudan,2022-08-31,10,8,16.286129032258064,0.0,114.0,2022,64.0
South Sudan,2022-09-30,5,1,16.185666666666666,0.0,110.0,2022,64.0
South Sudan,2022-10-31,10,8,12.375483870967741,0.0,151.0,2022,64.0
South Sudan,2022-11-30,12,5,10.57,0.0,171.0,2022,64.0
South Sudan,2022-12-31,9,2,10.560967741935483,0.0,211.0,2022,64.0
Spain,2020-01-31,2,0,0.3583870967741935,0.0,3.0,2020,3455.0
Spain,2020-03-31,1,0,51.73225806451613,29.838709677419356,2.0,2020,3455.0
Spain,2020-05-31,1,0,78.58387096774193,84.6774193548387,6.0,2020,3455.0
Spain,2020-06-30,1,0,54.16733333333333,87.5,0.0,2020,3455.0
Spain,2020-09-30,3,0,61.019999999999996,87.5,3.0,2020,3455.0
Spain,2020-10-31,2,0,64.66612903225806,87.5,1.0,2020,3455.0
Spain,2020-11-30,3,0,71.3,87.5,1.0,2020,3455.0
Spain,2021-01-31,2,0,72.73225806451612,87.5,15.0,2021,4625.0
Spain,2021-02-28,7,0,70.30714285714285,87.5,11.0,2021,4625.0
Spain,2021-03-31,2,0,68.72645161290322,87.5,3.0,2021,4625.0
Spain,2021-04-30,2,0,69.44,87.5,3.0,2021,4625.0
Spain,2021-05-31,2,0,64.98096774193549,87.5,10.0,2021,4625.0
Spain,2021-06-30,4,0,52.499,87.5,9.0,2021,4625.0
Spain,2021-08-31,2,0,47.95612903225806,87.5,25.0,2021,4625.0
Spain,2021-09-30,3,0,44.724666666666664,87.5,21.0,2021,4625.0
Spain,2021-10-31,2,0,41.917419354838714,87.5,8.0,2021,4625.0
Spain,2021-11-30,3,0,41.239333333333335,87.5,1.0,2021,4625.0
Spain,2022-01-31,1,0,38.58516129032258,87.5,1.0,2022,3930.0
Spain,2022-02-28,1,0,38.4875,87.5,2.0,2022,3930.0
Spain,2022-03-31,1,0,36.00774193548387,87.5,4.0,2022,3930.0
Spain,2022-05-31,7,0,27.59,37.5,2.0,2022,3930.0
Spain,2022-06-30,1,0,27.58233333333333,37.5,0.0,2022,3930.0
Spain,2022-07-31,2,0,25.146774193548385,0.0,0.0,2022,3930.0
Spain,2022-09-30,1,0,13.890000000000002,0.0,0.0,2022,3930.0
Spain,2022-10-31,1,0,7.347096774193548,0.0,0.0,2022,3930.0
Sri Lanka,2020-01-31,2,0,1.2541935483870967,0.0,13.0,2020,426.0
Sri Lanka,2020-02-29,4,0,8.905172413793103,0.0,12.0,2020,426.0
Sri Lanka,2020-03-31,2,0,54.56935483870968,0.0,2.0,2020,426.0
Sri Lanka,2020-04-30,2,1,91.41966666666667,11.666666666666666,7.0,2020,426.0
Sri Lanka,2020-05-31,6,0,80.25774193548386,50.0,13.0,2020,426.0
Sri Lanka,2020-06-30,3,2,60.80466666666667,35.0,3.0,2020,426.0
Sri Lanka,2020-07-31,4,1,52.26774193548387,50.0,13.0,2020,426.0
Sri Lanka,2020-08-31,3,0,41.04096774193548,50.0,8.0,2020,426.0
Sri Lanka,2020-09-30,2,0,27.684,50.0,2.0,2020,426.0
Sri Lanka,2020-10-31,1,0,33.30387096774193,50.0,4.0,2020,426.0
Sri Lanka,2020-11-30,1,1,51.559,50.0,5.0,2020,426.0
Sri Lanka,2020-12-31,2,0,65.48709677419355,50.0,2.0,2020,426.0
Sri Lanka,2021-01-31,2,0,79.76354838709678,50.0,4.0,2021,901.0
Sri Lanka,2021-02-28,4,0,79.17,50.0,5.0,2021,901.0
Sri Lanka,2021-03-31,3,0,79.17,50.0,3.0,2021,901.0
Sri Lanka,2021-04-30,4,0,42.36299999999999,50.0,8.0,2021,901.0
Sri Lanka,2021-06-30,3,2,83.21133333333334,50.0,7.0,2021,901.0
Sri Lanka,2021-07-31,4,0,84.26,50.0,1.0,2021,901.0
Sri Lanka,2021-08-31,4,0,84.01903225806453,50.0,1.0,2021,901.0
Sri Lanka,2021-09-30,5,0,80.56,50.0,5.0,2021,901.0
Sri Lanka,2021-10-31,2,1,66.64483870967742,50.0,4.0,2021,901.0
Sri Lanka,2021-11-30,1,0,53.25633333333334,50.0,2.0,2021,901.0
Sri Lanka,2022-01-31,1,0,53.79290322580645,33.064516129032256,3.0,2022,1084.0
Sri Lanka,2022-02-28,1,0,52.28035714285714,25.0,0.0,2022,1084.0
Sri Lanka,2022-03-31,1,0,36.79548387096774,25.0,0.0,2022,1084.0
Sri Lanka,2022-04-30,7,0,32.666666666666664,25.0,1.0,2022,1084.0
Sri Lanka,2022-05-31,11,0,30.56709677419355,25.0,7.0,2022,1084.0
Sri Lanka,2022-06-30,9,0,30.56,22.5,6.0,2022,1084.0
Sri Lanka,2022-07-31,8,0,30.56,0.0,6.0,2022,1084.0
Sri Lanka,2022-08-31,2,0,30.559032258064512,0.0,1.0,2022,1084.0
Sri Lanka,2022-09-30,1,0,29.284333333333333,0.0,0.0,2022,1084.0
Sri Lanka,2022-10-31,4,0,25.93,0.0,0.0,2022,1084.0
Sri Lanka,2022-11-30,3,0,25.93,0.0,3.0,2022,1084.0
Sudan,2020-01-31,3,10,0.7174193548387097,0.0,37.0,2020,572.0
Sudan,2020-02-29,4,0,5.56,0.0,21.0,2020,572.0
Sudan,2020-03-31,5,0,39.42741935483871,0.0,25.0,2020,572.0
Sudan,2020-04-30,13,1,81.729,6.666666666666667,35.0,2020,572.0
Sudan,2020-05-31,15,23,84.88774193548387,12.5,52.0,2020,572.0
Sudan,2020-06-30,14,15,84.26,12.5,52.0,2020,572.0
Sudan,2020-07-31,8,0,74.67322580645161,25.0,54.0,2020,572.0
Sudan,2020-08-31,9,0,72.41677419354839,25.0,32.0,2020,572.0
Sudan,2020-09-30,4,2,59.32133333333333,25.0,21.0,2020,572.0
Sudan,2020-10-31,4,2,41.725806451612904,25.0,29.0,2020,572.0
Sudan,2020-11-30,4,3,29.070666666666668,25.0,22.0,2020,572.0
Sudan,2020-12-31,8,5,26.432258064516127,25.0,55.0,2020,572.0
Sudan,2021-01-31,8,0,27.002258064516127,25.0,68.0,2021,906.0
Sudan,2021-02-28,8,4,22.489642857142858,25.0,50.0,2021,906.0
Sudan,2021-03-31,8,1,25.641935483870967,25.0,46.0,2021,906.0
Sudan,2021-04-30,7,1,50.28,25.0,46.0,2021,906.0
Sudan,2021-05-31,5,1,62.05193548387096,25.0,52.0,2021,906.0
Sudan,2021-06-30,10,1,62.04,11.666666666666666,58.0,2021,906.0
Sudan,2021-07-31,7,11,46.92387096774194,0.0,84.0,2021,906.0
Sudan,2021-08-31,6,2,17.470645161290324,0.0,51.0,2021,906.0
Sudan,2021-09-30,4,0,13.890000000000002,0.0,44.0,2021,906.0
Sudan,2021-10-31,21,16,13.89,0.0,49.0,2021,906.0
Sudan,2021-11-30,36,33,10.924666666666667,0.0,63.0,2021,906.0
Sudan,2021-12-31,26,7,13.471935483870968,0.0,72.0,2021,906.0
Sudan,2022-01-31,51,24,11.348709677419356,0.0,74.0,2022,1826.0
Sudan,2022-02-28,51,8,11.11,0.0,66.0,2022,1826.0
Sudan,2022-03-31,54,9,8.33,0.0,88.0,2022,1826.0
Sudan,2022-04-30,16,3,8.33,0.0,50.0,2022,1826.0
Sudan,2022-05-31,42,8,8.33,0.0,95.0,2022,1826.0
Sudan,2022-06-30,54,17,8.33,0.0,105.0,2022,1826.0
Sudan,2022-07-31,29,2,8.33,0.0,80.0,2022,1826.0
Sudan,2022-08-31,37,11,5.56,0.0,53.0,2022,1826.0
Sudan,2022-09-30,19,0,5.56,0.0,57.0,2022,1826.0
Sudan,2022-10-31,35,9,5.56,0.0,78.0,2022,1826.0
Sudan,2022-11-30,41,3,5.56,0.0,82.0,2022,1826.0
Sudan,2022-12-31,41,3,5.56,0.0,81.0,2022,1826.0
Suriname,2020-04-30,1,0,80.55833333333334,0.0,3.0,2020,30.0
Suriname,2020-09-30,1,0,82.68599999999999,75.0,0.0,2020,30.0
Suriname,2021-02-28,1,0,68.52000000000001,75.0,0.0,2021,35.0
Suriname,2021-05-31,1,0,70.63645161290323,25.0,1.0,2021,35.0
Suriname,2021-08-31,1,1,83.24064516129032,25.0,1.0,2021,35.0
Suriname,2021-12-31,1,0,72.43193548387096,0.0,1.0,2021,35.0
Suriname,2022-01-31,1,0,60.19,0.0,1.0,2022,65.0
Suriname,2022-07-31,2,0,21.3,0.0,1.0,2022,65.0
Suriname,2022-09-30,1,0,21.3,0.0,1.0,2022,65.0
Suriname,2022-11-30,1,0,21.3,0.0,0.0,2022,65.0
Sweden,2020-01-31,1,0,0.0,0.0,1.0,2020,912.0
Sweden,2020-06-30,4,0,61.480000000000004,37.5,2.0,2020,912.0
Sweden,2020-08-31,2,0,57.46967741935484,62.5,6.0,2020,912.0
Sweden,2020-09-30,1,0,55.56000000000001,62.5,2.0,2020,912.0
Sweden,2020-10-31,2,0,55.56,62.5,0.0,2020,912.0
Sweden,2020-11-30,4,0,59.010999999999996,45.833333333333336,1.0,2020,912.0
Sweden,2020-12-31,1,0,67.91838709677418,45.564516129032256,7.0,2020,912.0
Sweden,2021-03-31,3,0,70.10580645161289,41.53225806451613,0.0,2021,1246.0
Sweden,2021-04-30,1,0,65.43266666666666,39.166666666666664,0.0,2021,1246.0
Sweden,2021-05-31,25,0,64.64387096774193,37.5,1.0,2021,1246.0
Sweden,2021-06-30,1,0,53.45766666666667,37.5,0.0,2021,1246.0
Sweden,2021-07-31,2,0,41.83483870967741,62.5,0.0,2021,1246.0
Sweden,2021-08-31,2,0,34.519354838709674,62.5,0.0,2021,1246.0
Sweden,2021-09-30,3,0,32.64066666666666,62.5,0.0,2021,1246.0
Sweden,2021-10-31,6,0,15.939354838709678,25.0,0.0,2021,1246.0
Sweden,2021-12-31,1,0,23.1658064516129,25.0,0.0,2021,1246.0
Sweden,2022-02-28,1,0,21.82107142857143,12.5,0.0,2022,1489.0
Sweden,2022-03-31,2,0,15.487741935483871,12.5,1.0,2022,1489.0
Sweden,2022-04-30,6,0,11.109999999999998,0.0,0.0,2022,1489.0
Sweden,2022-05-31,5,0,11.11,0.0,0.0,2022,1489.0
Sweden,2022-06-30,4,0,11.109999999999998,0.0,0.0,2022,1489.0
Sweden,2022-08-31,5,0,11.11,0.0,1.0,2022,1489.0
Sweden,2022-09-30,3,0,11.109999999999998,0.0,1.0,2022,1489.0
Sweden,2022-12-31,1,0,11.11,0.0,1.0,2022,1489.0
Switzerland,2020-01-31,1,0,0.0,0.0,0.0,2020,166.0
Switzerland,2020-05-31,3,0,61.73516129032258,62.5,0.0,2020,166.0
Switzerland,2020-06-30,1,0,44.51033333333333,37.5,0.0,2020,166.0
Switzerland,2020-09-30,3,0,43.06000000000001,17.5,0.0,2020,166.0
Switzerland,2020-10-31,3,0,33.18451612903226,37.5,1.0,2020,166.0
Switzerland,2020-12-31,1,0,59.203548387096774,37.5,0.0,2020,166.0
Switzerland,2021-02-28,1,0,60.19,37.5,0.0,2021,227.0
Switzerland,2021-03-31,5,0,60.19,37.5,1.0,2021,227.0
Switzerland,2021-04-30,2,0,56.486,37.5,0.0,2021,227.0
Switzerland,2021-05-31,1,0,50.84032258064516,37.5,0.0,2021,227.0
Switzerland,2021-06-30,2,0,47.531666666666666,37.5,1.0,2021,227.0
Switzerland,2021-07-31,2,0,44.44,37.5,0.0,2021,227.0
Switzerland,2021-08-31,1,0,44.44,37.5,1.0,2021,227.0
Switzerland,2021-09-30,4,0,47.775999999999996,37.5,0.0,2021,227.0
Switzerland,2021-10-31,6,0,50.0,37.5,1.0,2021,227.0
Switzerland,2021-12-31,2,0,51.076129032258066,37.5,1.0,2021,227.0
Switzerland,2022-02-28,1,0,35.45,47.32142857142857,0.0,2022,189.0
Switzerland,2022-04-30,4,0,11.109999999999998,50.0,1.0,2022,189.0
Switzerland,2022-05-31,2,0,11.11,50.0,0.0,2022,189.0
Switzerland,2022-10-31,5,0,5.56,0.0,0.0,2022,189.0
Switzerland,2022-11-30,1,0,5.56,0.0,0.0,2022,189.0
Syria,2020-01-31,72,87,0.0,0.0,1290.0,2020,520.0
Syria,2020-02-29,48,122,2.78,0.0,1455.0,2020,520.0
Syria,2020-03-31,19,41,44.68387096774194,0.0,698.0,2020,520.0
Syria,2020-04-30,17,21,86.29933333333334,0.0,617.0,2020,520.0
Syria,2020-05-31,26,17,83.63354838709678,0.0,659.0,2020,520.0
Syria,2020-06-30,25,28,69.44,0.0,621.0,2020,520.0
Syria,2020-07-31,27,24,69.44,0.0,749.0,2020,520.0
Syria,2020-08-31,17,11,63.233225806451614,0.0,791.0,2020,520.0
Syria,2020-09-30,14,14,49.91,0.0,901.0,2020,520.0
Syria,2020-10-31,30,21,41.950645161290325,0.0,895.0,2020,520.0
Syria,2020-11-30,22,22,41.94466666666666,0.0,820.0,2020,520.0
Syria,2020-12-31,16,19,39.35,0.0,884.0,2020,520.0
Syria,2021-01-31,16,10,38.2758064516129,0.0,899.0,2021,380.0
Syria,2021-02-28,26,27,27.763928571428572,0.0,862.0,2021,380.0
Syria,2021-03-31,25,31,27.95935483870968,0.0,820.0,2021,380.0
Syria,2021-04-30,15,15,56.04933333333334,0.0,708.0,2021,380.0
Syria,2021-05-31,19,17,52.494193548387095,0.0,727.0,2021,380.0
Syria,2021-06-30,42,70,39.38033333333333,0.0,918.0,2021,380.0
Syria,2021-07-31,51,71,26.153870967741934,0.0,915.0,2021,380.0
Syria,2021-08-31,49,45,30.765806451612903,0.0,810.0,2021,380.0
Syria,2021-09-30,40,23,32.592,0.0,771.0,2021,380.0
Syria,2021-10-31,28,28,53.600322580645155,0.0,700.0,2021,380.0
Syria,2021-11-30,17,14,41.74166666666667,0.0,686.0,2021,380.0
Syria,2021-12-31,27,27,37.96,0.0,690.0,2021,380.0
Syria,2022-01-31,20,23,37.96,0.0,817.0,2022,549.0
Syria,2022-02-28,21,24,31.617142857142856,0.0,724.0,2022,549.0
Syria,2022-03-31,21,8,26.85,0.0,542.0,2022,549.0
Syria,2022-04-30,8,7,26.85,0.0,857.0,2022,549.0
Syria,2022-05-31,11,5,26.85,0.0,958.0,2022,549.0
Syria,2022-06-30,7,4,26.85,0.0,762.0,2022,549.0
Syria,2022-07-31,25,18,28.643548387096775,0.0,1069.0,2022,549.0
Syria,2022-08-31,29,17,28.28483870967742,0.0,1139.0,2022,549.0
Syria,2022-09-30,25,15,23.763333333333335,0.0,917.0,2022,549.0
Syria,2022-10-31,28,16,11.02032258064516,0.0,1051.0,2022,549.0
Syria,2022-11-30,27,15,11.295333333333334,0.0,1207.0,2022,549.0
Syria,2022-12-31,21,14,11.11,0.0,852.0,2022,549.0
Taiwan,2020-01-31,2,0,11.91451612903226,0.0,0.0,2020,533.0
Taiwan,2020-02-29,1,0,28.898965517241376,0.0,0.0,2020,533.0
Taiwan,2020-03-31,1,0,29.149677419354838,17.741935483870968,0.0,2020,533.0
Taiwan,2020-04-30,2,0,31.48,29.166666666666668,0.0,2020,533.0
Taiwan,2020-05-31,2,0,27.18322580645161,37.5,0.0,2020,533.0
Taiwan,2020-06-30,1,0,25.096,37.5,0.0,2020,533.0
Taiwan,2020-09-30,1,0,23.15,37.5,0.0,2020,533.0
Taiwan,2020-10-31,4,0,23.15,37.5,0.0,2020,533.0
Taiwan,2020-11-30,1,0,23.15,37.5,0.0,2020,533.0
Taiwan,2021-02-28,3,0,25.0,37.5,0.0,2021,1178.0
Taiwan,2021-03-31,2,0,25.0,37.5,1.0,2021,1178.0
Taiwan,2021-08-31,3,0,60.24645161290322,12.5,1.0,2021,1178.0
Taiwan,2021-09-30,2,0,49.07,13.75,0.0,2021,1178.0
Taiwan,2021-11-30,1,0,24.538,51.666666666666664,0.0,2021,1178.0
Taiwan,2021-12-31,1,0,20.37,75.0,0.0,2021,1178.0
Taiwan,2022-04-30,1,0,27.586666666666666,75.0,3.0,2022,841.0
Taiwan,2022-08-31,2,0,26.85,62.5,0.0,2022,841.0
Taiwan,2022-11-30,1,0,21.3,75.0,3.0,2022,841.0
Tajikistan,2020-05-31,1,0,52.36032258064516,21.774193548387096,3.0,2020,16.0
Tajikistan,2022-05-31,2,23,12.154516129032258,0.0,5.0,2022,5.0
Tajikistan,2022-06-30,1,0,8.33,0.0,3.0,2022,5.0
Tajikistan,2022-12-31,2,0,8.33,0.0,2.0,2022,5.0
Tanzania,2020-07-31,2,0,29.776129032258062,0.0,2.0,2020,6.0
Tanzania,2020-08-31,2,0,29.42032258064516,0.0,5.0,2020,6.0
Tanzania,2020-09-30,1,0,20.925333333333334,0.0,2.0,2020,6.0
Tanzania,2020-10-31,9,6,15.083548387096773,0.0,25.0,2020,6.0
Tanzania,2020-11-30,2,1,17.59,0.0,7.0,2020,6.0
Tanzania,2021-01-31,2,0,6.48,0.0,1.0,2021,20.0
Tanzania,2021-02-28,2,0,10.11892857142857,0.0,3.0,2021,20.0
Tanzania,2021-04-30,3,1,5.0,0.0,6.0,2021,20.0
Tanzania,2021-05-31,2,0,12.814838709677419,0.0,5.0,2021,20.0
Tanzania,2021-06-30,1,0,13.890000000000002,28.75,1.0,2021,20.0
Tanzania,2021-07-31,2,0,13.262258064516129,37.5,5.0,2021,20.0
Tanzania,2021-08-31,2,0,12.54483870967742,37.5,4.0,2021,20.0
Tanzania,2021-10-31,1,1,30.019032258064517,41.935483870967744,9.0,2021,20.0
Tanzania,2021-11-30,2,0,9.348666666666666,43.333333333333336,5.0,2021,20.0
Tanzania,2021-12-31,1,0,8.33,42.33870967741935,4.0,2021,20.0
Tanzania,2022-01-31,4,3,9.58548387096774,34.67741935483871,8.0,2022,14.0
Tanzania,2022-02-28,4,2,11.705714285714285,50.0,7.0,2022,14.0
Tanzania,2022-03-31,1,1,13.89,50.0,1.0,2022,14.0
Tanzania,2022-05-31,4,2,13.89,50.0,6.0,2022,14.0
Tanzania,2022-06-30,2,0,9.998,15.0,6.0,2022,14.0
Tanzania,2022-07-31,3,3,8.33,0.0,5.0,2022,14.0
Tanzania,2022-08-31,1,0,8.33,0.0,2.0,2022,14.0
Tanzania,2022-09-30,2,3,8.33,0.0,3.0,2022,14.0
Tanzania,2022-10-31,2,0,8.33,0.0,4.0,2022,14.0
Thailand,2020-01-31,1,0,0.0,0.0,17.0,2020,828.0
Thailand,2020-02-29,2,0,0.0,0.0,15.0,2020,828.0
Thailand,2020-03-31,1,1,35.902580645161294,0.0,16.0,2020,828.0
Thailand,2020-04-30,1,1,76.264,100.0,6.0,2020,828.0
Thailand,2020-06-30,1,0,62.99333333333333,100.0,8.0,2020,828.0
Thailand,2020-07-31,1,0,52.78,75.0,11.0,2020,828.0
Thailand,2020-08-31,1,0,51.16580645161291,75.0,7.0,2020,828.0
Thailand,2020-10-31,7,0,47.22,100.0,12.0,2020,828.0
Thailand,2020-12-31,1,0,54.928709677419356,100.0,12.0,2020,828.0
Thailand,2021-01-31,3,0,59.31967741935484,85.48387096774194,10.0,2021,939.0
Thailand,2021-02-28,2,0,49.30642857142857,39.285714285714285,21.0,2021,939.0
Thailand,2021-03-31,1,0,47.22,62.5,16.0,2021,939.0
Thailand,2021-04-30,2,0,51.60333333333333,62.5,16.0,2021,939.0
Thailand,2021-06-30,2,0,56.10933333333333,75.0,6.0,2021,939.0
Thailand,2021-08-31,5,0,73.22322580645161,75.0,24.0,2021,939.0
Thailand,2021-09-30,2,0,55.09,75.0,9.0,2021,939.0
Thailand,2021-10-31,1,0,56.645806451612906,75.0,12.0,2021,939.0
Thailand,2021-12-31,2,0,42.64000000000001,75.0,21.0,2021,939.0
Thailand,2022-06-30,2,0,28.484666666666666,0.0,6.0,2022,340.0
Thailand,2022-08-31,1,0,29.09193548387097,0.0,31.0,2022,340.0
Thailand,2022-10-31,1,0,5.56,0.0,8.0,2022,340.0
Thailand,2022-11-30,4,0,5.56,0.0,10.0,2022,340.0
Togo,2020-01-31,3,0,0.0,0.0,3.0,2020,32.0
Togo,2020-02-29,1,0,0.0,0.0,3.0,2020,32.0
Togo,2020-03-31,1,1,29.65774193548387,0.0,2.0,2020,32.0
Togo,2020-04-30,8,2,73.02633333333333,44.166666666666664,8.0,2020,32.0
Togo,2020-05-31,4,1,73.15,50.0,7.0,2020,32.0
Togo,2020-06-30,1,1,58.763000000000005,50.0,1.0,2020,32.0
Togo,2020-07-31,2,0,52.35967741935484,25.0,2.0,2020,32.0
Togo,2020-08-31,2,0,46.89387096774194,25.0,2.0,2020,32.0
Togo,2020-10-31,2,0,59.26,75.0,2.0,2020,32.0
Togo,2020-12-31,1,0,62.009032258064515,75.0,1.0,2020,32.0
Togo,2021-02-28,1,0,45.32035714285714,67.85714285714286,1.0,2021,21.0
Togo,2021-03-31,1,0,66.06774193548387,75.0,2.0,2021,21.0
Togo,2021-05-31,1,0,54.05870967741936,75.0,1.0,2021,21.0
Togo,2021-09-30,1,0,44.10733333333334,75.0,0.0,2021,21.0
Togo,2021-10-31,1,0,38.89,75.0,2.0,2021,21.0
Togo,2021-11-30,1,0,31.48,50.0,1.0,2021,21.0
Togo,2022-07-31,1,7,33.9,0.0,13.0,2022,5.0
Togo,2022-08-31,1,0,36.891290322580645,0.0,1.0,2022,5.0
Togo,2022-11-30,3,3,30.1,0.0,7.0,2022,5.0
Togo,2022-12-31,2,2,30.1,0.0,6.0,2022,5.0
Trinidad and Tobago,2020-04-30,3,1,81.11133333333332,30.0,26.0,2020,92.0
Trinidad and Tobago,2020-06-30,2,3,73.55066666666667,75.0,28.0,2020,92.0
Trinidad and Tobago,2020-07-31,1,0,56.48,49.193548387096776,6.0,2020,92.0
Trinidad and Tobago,2020-10-31,1,0,74.46322580645162,0.0,16.0,2020,92.0
Trinidad and Tobago,2020-11-30,2,0,68.52,4.166666666666667,16.0,2020,92.0
Trinidad and Tobago,2021-01-31,1,2,68.52,12.5,15.0,2021,123.0
Trinidad and Tobago,2021-07-31,1,1,88.65516129032258,25.0,21.0,2021,123.0
Trinidad and Tobago,2021-08-31,2,0,86.16064516129032,25.0,23.0,2021,123.0
Trinidad and Tobago,2021-09-30,2,2,85.82966666666667,25.0,28.0,2021,123.0
Trinidad and Tobago,2021-10-31,1,0,74.86419354838709,25.0,21.0,2021,123.0
Trinidad and Tobago,2021-11-30,2,0,61.81733333333333,25.0,27.0,2021,123.0
Trinidad and Tobago,2022-02-28,3,2,49.25464285714286,17.857142857142858,19.0,2022,262.0
Trinidad and Tobago,2022-03-31,1,0,48.902903225806455,0.0,24.0,2022,262.0
Trinidad and Tobago,2022-07-31,3,4,11.11,0.0,28.0,2022,262.0
Trinidad and Tobago,2022-08-31,3,3,11.11,0.0,48.0,2022,262.0
Trinidad and Tobago,2022-10-31,4,0,11.11,0.0,40.0,2022,262.0
Trinidad and Tobago,2022-12-31,1,0,11.11,0.0,33.0,2022,262.0
Tunisia,2020-02-29,2,0,0.0,0.0,10.0,2020,1723.0
Tunisia,2020-03-31,3,0,47.87967741935484,26.612903225806452,3.0,2020,1723.0
Tunisia,2020-04-30,4,0,90.74,75.0,4.0,2020,1723.0
Tunisia,2020-05-31,1,0,84.88612903225805,75.0,1.0,2020,1723.0
Tunisia,2020-06-30,4,0,39.44466666666666,75.0,1.0,2020,1723.0
Tunisia,2020-07-31,3,0,26.85,75.0,0.0,2020,1723.0
Tunisia,2020-08-31,3,0,24.87709677419355,75.0,2.0,2020,1723.0
Tunisia,2020-09-30,1,0,24.876666666666665,75.0,1.0,2020,1723.0
Tunisia,2020-10-31,5,1,54.33064516129032,75.0,8.0,2020,1723.0
Tunisia,2020-11-30,6,0,69.56866666666666,75.0,2.0,2020,1723.0
Tunisia,2020-12-31,3,0,69.50645161290322,75.0,7.0,2020,1723.0
Tunisia,2021-01-31,5,0,71.62645161290322,75.0,3.0,2021,1303.0
Tunisia,2021-02-28,8,0,71.3,75.0,3.0,2021,1303.0
Tunisia,2021-03-31,3,0,61.650000000000006,56.45161290322581,4.0,2021,1303.0
Tunisia,2021-04-30,2,0,58.63933333333333,50.0,9.0,2021,1303.0
Tunisia,2021-05-31,6,0,69.53483870967742,50.0,3.0,2021,1303.0
Tunisia,2021-06-30,2,1,71.10766666666667,50.0,5.0,2021,1303.0
Tunisia,2021-08-31,3,0,79.63,75.0,1.0,2021,1303.0
Tunisia,2021-09-30,4,0,66.103,15.0,2.0,2021,1303.0
Tunisia,2021-10-31,1,0,38.222903225806455,45.16129032258065,1.0,2021,1303.0
Tunisia,2021-11-30,4,0,37.331,50.0,3.0,2021,1303.0
Tunisia,2021-12-31,3,0,36.03258064516129,50.0,1.0,2021,1303.0
Tunisia,2022-01-31,2,0,45.4858064516129,50.0,1.0,2022,850.0
Tunisia,2022-02-28,1,0,45.57357142857143,31.25,0.0,2022,850.0
Tunisia,2022-03-31,2,0,46.3258064516129,25.0,1.0,2022,850.0
Tunisia,2022-05-31,1,0,44.71322580645162,25.0,0.0,2022,850.0
Tunisia,2022-06-30,3,0,41.61,25.0,0.0,2022,850.0
Tunisia,2022-07-31,2,0,41.60548387096774,25.0,0.0,2022,850.0
Tunisia,2022-09-30,3,1,41.6,25.0,3.0,2022,850.0
Tunisia,2022-10-31,1,0,41.6,25.0,0.0,2022,850.0
Tunisia,2022-11-30,1,0,41.6,25.0,1.0,2022,850.0
Tunisia,2022-12-31,2,0,31.852903225806454,25.0,0.0,2022,850.0
Turkey,2020-01-31,56,1,0.7174193548387097,0.0,36.0,2020,2202.0
Turkey,2020-02-29,60,0,16.375862068965517,0.0,45.0,2020,2202.0
Turkey,2020-03-31,56,1,43.90645161290323,0.0,60.0,2020,2202.0
Turkey,2020-04-30,44,0,76.17666666666668,45.833333333333336,57.0,2020,2202.0
Turkey,2020-05-31,59,0,75.93,62.5,79.0,2020,2202.0
Turkey,2020-06-30,56,1,63.89,87.5,111.0,2020,2202.0
Turkey,2020-07-31,58,0,57.01903225806452,87.5,94.0,2020,2202.0
Turkey,2020-08-31,32,0,47.432580645161295,87.5,73.0,2020,2202.0
Turkey,2020-09-30,35,1,63.719,87.5,69.0,2020,2202.0
Turkey,2020-10-31,46,2,70.32774193548387,87.5,81.0,2020,2202.0
Turkey,2020-11-30,20,1,69.41666666666667,87.5,25.0,2020,2202.0
Turkey,2020-12-31,17,0,69.25354838709679,87.5,48.0,2020,2202.0
Turkey,2021-01-31,16,0,76.9274193548387,87.5,37.0,2021,3024.0
Turkey,2021-02-28,30,0,79.17,50.0,17.0,2021,3024.0
Turkey,2021-03-31,16,0,74.41709677419354,41.53225806451613,21.0,2021,3024.0
Turkey,2021-04-30,33,1,73.61,32.5,24.0,2021,3024.0
Turkey,2021-05-31,35,0,74.95516129032258,50.0,53.0,2021,3024.0
Turkey,2021-06-30,29,2,66.2,50.0,43.0,2021,3024.0
Turkey,2021-07-31,33,0,32.41,50.0,41.0,2021,3024.0
Turkey,2021-08-31,19,0,35.23774193548387,17.741935483870968,44.0,2021,3024.0
Turkey,2021-09-30,15,2,42.71566666666667,0.0,36.0,2021,3024.0
Turkey,2021-10-31,18,0,40.60645161290322,0.0,26.0,2021,3024.0
Turkey,2021-11-30,30,1,36.458,0.0,22.0,2021,3024.0
Turkey,2021-12-31,12,0,35.806451612903224,0.0,18.0,2021,3024.0
Turkey,2022-01-31,37,1,33.8358064516129,0.0,17.0,2022,4063.0
Turkey,2022-02-28,40,1,35.653571428571425,0.0,13.0,2022,4063.0
Turkey,2022-03-31,39,1,18.20193548387097,0.0,16.0,2022,4063.0
Turkey,2022-04-30,39,1,16.973333333333333,0.0,32.0,2022,4063.0
Turkey,2022-05-31,53,0,13.89,0.0,33.0,2022,4063.0
Turkey,2022-06-30,49,0,11.109999999999998,0.0,45.0,2022,4063.0
Turkey,2022-07-31,42,1,11.11,0.0,47.0,2022,4063.0
Turkey,2022-08-31,35,0,11.11,0.0,48.0,2022,4063.0
Turkey,2022-09-30,28,0,11.109999999999998,0.0,33.0,2022,4063.0
Turkey,2022-10-31,33,0,11.11,0.0,32.0,2022,4063.0
Turkey,2022-11-30,41,0,11.109999999999998,0.0,28.0,2022,4063.0
Turkey,2022-12-31,28,2,11.11,0.0,22.0,2022,4063.0
Turkmenistan,2020-06-30,1,1,30.738666666666667,0.0,2.0,2020,8.0
Turkmenistan,2020-08-31,2,0,47.22,0.0,2.0,2020,8.0
Turkmenistan,2022-08-31,1,0,33.33,0.0,0.0,2022,2.0
Uganda,2020-01-31,9,2,2.1512903225806452,0.0,12.0,2020,225.0
Uganda,2020-02-29,11,1,16.190689655172413,0.0,14.0,2020,225.0
Uganda,2020-03-31,17,1,35.96225806451613,16.129032258064516,44.0,2020,225.0
Uganda,2020-04-30,35,3,93.52,50.0,71.0,2020,225.0
Uganda,2020-05-31,13,4,89.3341935483871,50.0,48.0,2020,225.0
Uganda,2020-06-30,8,2,85.09400000000001,50.0,28.0,2020,225.0
Uganda,2020-07-31,14,1,87.04,29.032258064516128,36.0,2020,225.0
Uganda,2020-08-31,7,2,85.69580645161291,25.0,24.0,2020,225.0
Uganda,2020-09-30,14,0,80.92766666666668,40.0,32.0,2020,225.0
Uganda,2020-10-31,10,3,65.56096774193549,50.0,21.0,2020,225.0
Uganda,2020-11-30,30,7,55.742666666666665,13.333333333333334,44.0,2020,225.0
Uganda,2020-12-31,41,3,52.78,0.0,70.0,2020,225.0
Uganda,2021-01-31,32,4,54.601290322580645,0.0,88.0,2021,469.0
Uganda,2021-02-28,12,4,52.84607142857143,0.0,49.0,2021,469.0
Uganda,2021-03-31,17,3,52.78,0.0,35.0,2021,469.0
Uganda,2021-04-30,5,2,49.322,0.0,16.0,2021,469.0
Uganda,2021-05-31,10,2,42.20322580645161,0.0,35.0,2021,469.0
Uganda,2021-06-30,28,5,57.963,0.0,52.0,2021,469.0
Uganda,2021-07-31,26,6,80.64387096774193,21.774193548387096,75.0,2021,469.0
Uganda,2021-08-31,12,0,76.28806451612904,25.0,59.0,2021,469.0
Uganda,2021-09-30,6,4,75.93,25.0,56.0,2021,469.0
Uganda,2021-10-31,14,1,75.48161290322581,25.0,49.0,2021,469.0
Uganda,2021-11-30,14,4,73.15,25.0,49.0,2021,469.0
Uganda,2021-12-31,16,3,73.15,0.0,48.0,2021,469.0
Uganda,2022-01-31,20,6,55.53354838709677,0.0,39.0,2022,179.0
Uganda,2022-02-28,17,6,45.42785714285714,18.75,37.0,2022,179.0
Uganda,2022-03-31,10,2,44.93451612903226,25.0,54.0,2022,179.0
Uganda,2022-04-30,7,3,38.68233333333333,15.0,32.0,2022,179.0
Uganda,2022-05-31,20,4,30.965806451612902,0.0,41.0,2022,179.0
Uganda,2022-06-30,12,1,28.147,0.0,39.0,2022,179.0
Uganda,2022-07-31,5,2,27.802258064516128,0.0,40.0,2022,179.0
Uganda,2022-08-31,3,2,27.537419354838708,0.0,17.0,2022,179.0
Uganda,2022-09-30,9,2,27.467333333333332,0.0,29.0,2022,179.0
Uganda,2022-10-31,6,1,27.41516129032258,0.0,37.0,2022,179.0
Uganda,2022-11-30,5,1,27.399333333333335,0.0,31.0,2022,179.0
Uganda,2022-12-31,8,1,38.0816129032258,0.0,34.0,2022,179.0
Ukraine,2020-01-31,3,0,0.0,0.0,1025.0,2020,1416.0
Ukraine,2020-02-29,1,0,0.0,0.0,1092.0,2020,1416.0
Ukraine,2020-03-31,1,0,54.420645161290324,13.709677419354838,1388.0,2020,1416.0
Ukraine,2020-04-30,3,0,88.89,37.5,1064.0,2020,1416.0
Ukraine,2020-05-31,4,0,87.09645161290322,37.5,1163.0,2020,1416.0
Ukraine,2020-06-30,2,0,64.03033333333333,37.5,820.0,2020,1416.0
Ukraine,2020-07-31,3,0,41.67,37.5,716.0,2020,1416.0
Ukraine,2020-08-31,1,0,58.347419354838706,37.5,129.0,2020,1416.0
Ukraine,2020-11-30,3,0,60.461999999999996,37.5,243.0,2020,1416.0
Ukraine,2021-01-31,1,0,59.708064516129035,37.5,392.0,2021,1204.0
Ukraine,2021-02-28,5,0,55.22571428571429,37.5,404.0,2021,1204.0
Ukraine,2021-03-31,1,0,60.368064516129024,37.5,464.0,2021,1204.0
Ukraine,2021-04-30,4,0,68.178,37.5,763.0,2021,1204.0
Ukraine,2021-05-31,6,0,58.3041935483871,37.5,820.0,2021,1204.0
Ukraine,2021-06-30,3,0,57.46933333333333,35.0,463.0,2021,1204.0
Ukraine,2021-07-31,1,0,51.407419354838716,35.88709677419355,631.0,2021,1204.0
Ukraine,2021-08-31,4,0,53.16225806451613,35.88709677419355,555.0,2021,1204.0
Ukraine,2021-10-31,4,0,53.85516129032258,37.5,707.0,2021,1204.0
Ukraine,2021-11-30,1,0,46.156333333333336,37.5,937.0,2021,1204.0
Ukraine,2021-12-31,1,0,42.4641935483871,43.95161290322581,549.0,2021,1204.0
Ukraine,2022-01-31,2,0,43.75774193548387,50.0,427.0,2022,295.0
Ukraine,2022-02-28,4,8,44.79642857142857,50.0,1449.0,2022,295.0
Ukraine,2022-03-31,34,36,29.782258064516128,50.0,2517.0,2022,295.0
Ukraine,2022-04-30,38,21,10.05,50.0,2162.0,2022,295.0
Ukraine,2022-05-31,72,63,9.21774193548387,50.0,2987.0,2022,295.0
Ukraine,2022-06-30,99,96,8.33,50.0,3684.0,2022,295.0
Ukraine,2022-07-31,77,42,8.33,50.0,4410.0,2022,295.0
Ukraine,2022-08-31,103,60,8.33,50.0,5113.0,2022,295.0
Ukraine,2022-09-30,114,90,8.33,50.0,4741.0,2022,295.0
Ukraine,2022-10-31,84,45,8.33,50.0,4161.0,2022,295.0
Ukraine,2022-11-30,82,47,8.33,50.0,4126.0,2022,295.0
Ukraine,2022-12-31,70,64,8.33,50.0,4024.0,2022,295.0
United Arab Emirates,2020-08-31,1,2,56.42032258064516,50.0,1.0,2020,0.0
United Arab Emirates,2021-06-30,2,0,55.970333333333336,50.0,2.0,2021,0.0
United Kingdom,2020-01-31,7,0,2.241612903225806,0.0,8.0,2020,2239.0
United Kingdom,2020-02-29,8,0,11.014137931034481,0.0,11.0,2020,2239.0
United Kingdom,2020-03-31,2,0,36.63322580645161,39.516129032258064,9.0,2020,2239.0
United Kingdom,2020-05-31,13,0,74.22516129032257,100.0,8.0,2020,2239.0
United Kingdom,2020-06-30,5,0,70.866,100.0,10.0,2020,2239.0
United Kingdom,2020-07-31,3,0,65.38129032258064,100.0,12.0,2020,2239.0
United Kingdom,2020-08-31,9,0,67.63612903225805,100.0,11.0,2020,2239.0
United Kingdom,2020-09-30,15,0,65.56933333333333,100.0,1.0,2020,2239.0
United Kingdom,2020-10-31,6,0,67.89129032258064,100.0,10.0,2020,2239.0
United Kingdom,2020-11-30,24,0,68.33066666666667,100.0,1.0,2020,2239.0
United Kingdom,2020-12-31,9,0,72.35612903225807,100.0,3.0,2020,2239.0
United Kingdom,2021-01-31,16,0,86.88516129032257,100.0,3.0,2021,1627.0
United Kingdom,2021-02-28,11,0,87.49749999999999,100.0,5.0,2021,1627.0
United Kingdom,2021-03-31,16,0,79.74806451612903,100.0,6.0,2021,1627.0
United Kingdom,2021-04-30,12,0,64.50533333333334,100.0,17.0,2021,1627.0
United Kingdom,2021-05-31,12,0,61.15483870967742,100.0,10.0,2021,1627.0
United Kingdom,2021-06-30,6,0,52.87133333333334,100.0,6.0,2021,1627.0
United Kingdom,2021-07-31,5,0,48.28258064516129,100.0,8.0,2021,1627.0
United Kingdom,2021-08-31,17,0,43.98,100.0,9.0,2021,1627.0
United Kingdom,2021-09-30,22,0,42.034,100.0,3.0,2021,1627.0
United Kingdom,2021-10-31,23,0,42.45580645161291,25.0,2.0,2021,1627.0
United Kingdom,2021-11-30,18,0,43.60133333333333,25.0,9.0,2021,1627.0
United Kingdom,2021-12-31,1,0,42.73290322580645,25.0,2.0,2021,1627.0
United Kingdom,2022-01-31,3,0,39.38161290322581,25.0,0.0,2022,1749.0
United Kingdom,2022-02-28,2,0,32.60321428571429,25.0,0.0,2022,1749.0
United Kingdom,2022-03-31,7,0,21.894516129032258,25.0,5.0,2022,1749.0
United Kingdom,2022-04-30,43,0,16.419,25.0,8.0,2022,1749.0
United Kingdom,2022-05-31,8,0,11.11,25.0,0.0,2022,1749.0
United Kingdom,2022-06-30,11,0,11.109999999999998,5.0,3.0,2022,1749.0
United Kingdom,2022-07-31,8,0,11.11,0.0,6.0,2022,1749.0
United Kingdom,2022-08-31,6,0,8.603548387096774,0.0,1.0,2022,1749.0
United Kingdom,2022-09-30,6,0,5.56,0.0,5.0,2022,1749.0
United Kingdom,2022-10-31,18,0,5.56,0.0,1.0,2022,1749.0
United Kingdom,2022-11-30,5,0,5.56,0.0,3.0,2022,1749.0
United Kingdom,2022-12-31,2,0,5.56,0.0,0.0,2022,1749.0
United States,2020-01-31,18,2,0.0,0.0,3.0,2020,22363.0
United States,2020-02-29,34,3,7.183103448275862,0.0,14.0,2020,22363.0
United States,2020-03-31,20,6,45.86419354838709,10.080645161290322,14.0,2020,22363.0
United States,2020-04-30,24,4,72.69,62.5,9.0,2020,22363.0
United States,2020-05-31,101,4,72.69,62.5,31.0,2020,22363.0
United States,2020-06-30,205,6,70.71133333333334,62.5,58.0,2020,22363.0
United States,2020-07-31,110,2,68.98,62.5,32.0,2020,22363.0
United States,2020-08-31,84,3,68.98,62.5,23.0,2020,22363.0
United States,2020-09-30,84,1,67.21933333333334,62.5,29.0,2020,22363.0
United States,2020-10-31,64,2,66.2,62.5,28.0,2020,22363.0
United States,2020-11-30,38,1,71.47866666666667,62.5,16.0,2020,22363.0
United States,2020-12-31,40,7,71.87935483870969,62.5,28.0,2020,22363.0
United States,2021-01-31,38,6,71.76,62.5,18.0,2021,13322.0
United States,2021-02-28,14,2,68.32428571428572,62.5,3.0,2021,13322.0
United States,2021-03-31,24,1,62.82870967741935,62.5,15.0,2021,13322.0
United States,2021-04-30,38,5,54.531333333333336,62.5,21.0,2021,13322.0
United States,2021-05-31,30,1,57.27,53.225806451612904,20.0,2021,13322.0
United States,2021-06-30,24,3,56.922333333333334,50.0,14.0,2021,13322.0
United States,2021-07-31,27,1,49.447741935483876,43.145161290322584,9.0,2021,13322.0
United States,2021-08-31,16,2,51.809677419354834,35.88709677419355,14.0,2021,13322.0
United States,2021-09-30,22,3,52.379333333333335,26.666666666666668,12.0,2021,13322.0
United States,2021-10-31,16,2,52.22096774193548,2.4193548387096775,11.0,2021,13322.0
United States,2021-11-30,20,1,51.47366666666667,0.0,11.0,2021,13322.0
United States,2021-12-31,12,1,48.8358064516129,0.0,5.0,2021,13322.0
United States,2022-01-31,23,0,46.76225806451613,0.0,12.0,2022,12249.0
United States,2022-02-28,18,6,45.18785714285714,0.0,16.0,2022,12249.0
United States,2022-03-31,13,1,36.13129032258065,0.0,11.0,2022,12249.0
United States,2022-04-30,20,2,29.206333333333337,0.0,21.0,2022,12249.0
United States,2022-05-31,18,0,26.949677419354842,0.0,19.0,2022,12249.0
United States,2022-06-30,23,2,31.260666666666665,0.0,20.0,2022,12249.0
United States,2022-07-31,45,2,31.023548387096774,0.0,28.0,2022,12249.0
United States,2022-08-31,15,1,28.46451612903226,0.0,16.0,2022,12249.0
United States,2022-09-30,11,2,24.179333333333332,0.0,13.0,2022,12249.0
United States,2022-10-31,21,0,24.116129032258065,0.0,12.0,2022,12249.0
United States,2022-11-30,11,0,28.754,0.0,11.0,2022,12249.0
United States,2022-12-31,10,0,28.725483870967743,0.0,15.0,2022,12249.0
Uruguay,2020-07-31,1,1,43.1283870967742,63.306451612903224,1.0,2020,57.0
Uruguay,2020-09-30,1,1,37.965,87.5,2.0,2020,57.0
Uruguay,2021-04-30,2,0,75.93,37.5,0.0,2021,56.0
Uruguay,2021-10-31,1,0,47.196129032258064,37.5,1.0,2021,56.0
Uruguay,2021-12-31,2,0,28.7,37.5,0.0,2021,56.0
Uruguay,2022-01-31,1,0,25.475806451612904,37.5,0.0,2022,113.0
Uruguay,2022-02-28,1,0,20.910714285714285,19.642857142857142,2.0,2022,113.0
Uruguay,2022-08-31,1,0,13.89,0.0,1.0,2022,113.0
Uzbekistan,2020-01-31,1,1,3.9422580645161287,0.0,1.0,2020,190.0
Uzbekistan,2020-03-31,1,0,46.29838709677419,6.451612903225806,1.0,2020,190.0
Uzbekistan,2020-05-31,3,1,86.52774193548387,50.0,4.0,2020,190.0
Uzbekistan,2020-06-30,4,0,72.066,50.0,4.0,2020,190.0
Uzbekistan,2020-07-31,9,2,69.3558064516129,50.0,7.0,2020,190.0
Uzbekistan,2020-08-31,2,0,61.469354838709684,50.0,4.0,2020,190.0
Uzbekistan,2020-09-30,4,0,44.38333333333333,50.0,4.0,2020,190.0
Uzbekistan,2020-10-31,3,0,41.9641935483871,50.0,3.0,2020,190.0
Uzbekistan,2020-11-30,1,0,39.81000000000001,50.0,1.0,2020,190.0
Uzbekistan,2020-12-31,1,0,40.70677419354839,50.0,2.0,2020,190.0
Uzbekistan,2021-01-31,1,0,38.41193548387097,23.387096774193548,1.0,2021,245.0
Uzbekistan,2021-02-28,2,0,35.848571428571425,60.714285714285715,1.0,2021,245.0
Uzbekistan,2021-03-31,1,0,37.04,75.0,4.0,2021,245.0
Uzbekistan,2021-05-31,5,1,45.06870967741935,75.0,7.0,2021,245.0
Uzbekistan,2021-06-30,2,1,44.291000000000004,75.0,2.0,2021,245.0
Uzbekistan,2021-07-31,5,2,62.66193548387097,75.0,6.0,2021,245.0
Uzbekistan,2021-08-31,2,0,66.33967741935483,75.0,4.0,2021,245.0
Uzbekistan,2021-09-30,3,0,56.791000000000004,75.0,7.0,2021,245.0
Uzbekistan,2021-11-30,2,0,32.314,75.0,3.0,2021,245.0
Uzbekistan,2022-03-31,2,2,48.417741935483875,68.54838709677419,3.0,2022,116.0
Uzbekistan,2022-04-30,2,0,34.693,14.166666666666666,4.0,2022,116.0
Uzbekistan,2022-05-31,2,0,21.713870967741936,0.0,2.0,2022,116.0
Uzbekistan,2022-06-30,6,1,13.054,0.0,7.0,2022,116.0
Uzbekistan,2022-07-31,11,5,10.214838709677418,0.0,12.0,2022,116.0
Uzbekistan,2022-08-31,3,0,5.56,0.0,3.0,2022,116.0
Uzbekistan,2022-09-30,2,0,5.56,0.0,3.0,2022,116.0
Uzbekistan,2022-10-31,2,0,5.56,0.0,3.0,2022,116.0
Uzbekistan,2022-12-31,1,0,5.56,0.0,2.0,2022,116.0
Venezuela,2020-01-31,33,52,0.0,0.0,234.0,2020,2634.0
Venezuela,2020-02-29,32,31,0.7662068965517241,0.0,200.0,2020,2634.0
Venezuela,2020-03-31,30,18,52.15096774193548,16.129032258064516,180.0,2020,2634.0
Venezuela,2020-04-30,38,24,82.41,50.0,202.0,2020,2634.0
Venezuela,2020-05-31,60,54,84.11387096774193,50.0,247.0,2020,2634.0
Venezuela,2020-06-30,43,41,81.111,50.0,180.0,2020,2634.0
Venezuela,2020-07-31,24,16,86.85935483870969,50.0,119.0,2020,2634.0
Venezuela,2020-08-31,21,13,85.03580645161291,50.0,151.0,2020,2634.0
Venezuela,2020-09-30,36,9,82.96499999999999,50.0,87.0,2020,2634.0
Venezuela,2020-10-31,22,9,86.28903225806452,50.0,83.0,2020,2634.0
Venezuela,2020-11-30,7,3,86.11,50.0,112.0,2020,2634.0
Venezuela,2020-12-31,7,2,85.93096774193549,50.0,124.0,2020,2634.0
Venezuela,2021-01-31,11,20,88.44193548387096,50.0,200.0,2021,1965.0
Venezuela,2021-02-28,7,4,88.89,50.0,102.0,2021,1965.0
Venezuela,2021-03-31,14,14,89.90451612903226,50.0,121.0,2021,1965.0
Venezuela,2021-04-30,5,5,87.25066666666666,70.83333333333333,108.0,2021,1965.0
Venezuela,2021-05-31,4,7,87.54193548387096,75.0,140.0,2021,1965.0
Venezuela,2021-06-30,6,3,86.54166666666667,75.0,137.0,2021,1965.0
Venezuela,2021-07-31,26,28,88.26032258064517,75.0,138.0,2021,1965.0
Venezuela,2021-08-31,13,12,83.60387096774194,75.0,104.0,2021,1965.0
Venezuela,2021-09-30,10,6,83.15,75.0,118.0,2021,1965.0
Venezuela,2021-10-31,6,3,81.0941935483871,75.0,78.0,2021,1965.0
Venezuela,2021-11-30,2,0,38.516,75.0,80.0,2021,1965.0
Venezuela,2021-12-31,4,5,30.134838709677418,26.612903225806452,92.0,2021,1965.0
Venezuela,2022-01-31,6,1,31.56967741935484,0.0,134.0,2022,2257.0
Venezuela,2022-02-28,3,1,28.7,0.0,90.0,2022,2257.0
Venezuela,2022-03-31,2,1,28.7,0.0,101.0,2022,2257.0
Venezuela,2022-04-30,5,5,28.7,0.0,71.0,2022,2257.0
Venezuela,2022-05-31,1,1,23.62516129032258,0.0,64.0,2022,2257.0
Venezuela,2022-06-30,2,3,13.890000000000002,0.0,49.0,2022,2257.0
Venezuela,2022-07-31,10,4,13.89,0.0,71.0,2022,2257.0
Venezuela,2022-08-31,6,7,13.89,0.0,50.0,2022,2257.0
Venezuela,2022-09-30,3,1,13.890000000000002,0.0,91.0,2022,2257.0
Venezuela,2022-10-31,2,1,13.89,0.0,56.0,2022,2257.0
Venezuela,2022-11-30,6,4,13.890000000000002,0.0,53.0,2022,2257.0
Vietnam,2020-01-31,2,0,2.7783870967741935,0.0,2.0,2020,10.0
Vietnam,2020-03-31,1,0,53.49290322580645,0.0,0.0,2020,10.0
Vietnam,2020-05-31,3,0,71.47354838709677,25.0,3.0,2020,10.0
Vietnam,2020-06-30,1,0,63.331,25.0,1.0,2020,10.0
Vietnam,2021-06-30,1,0,76.75500000000001,17.5,1.0,2021,0.0
Vietnam,2022-07-31,1,0,25.93,0.0,0.0,2022,11.0
Yemen,2020-01-31,56,46,0.0,0.0,794.0,2020,702.0
Yemen,2020-02-29,33,33,0.0,0.0,816.0,2020,702.0
Yemen,2020-03-31,52,69,27.179354838709678,0.0,950.0,2020,702.0
Yemen,2020-04-30,78,310,59.01033333333333,0.0,973.0,2020,702.0
Yemen,2020-05-31,52,24,65.05000000000001,0.0,833.0,2020,702.0
Yemen,2020-06-30,63,43,65.558,0.0,836.0,2020,702.0
Yemen,2020-07-31,55,33,42.05290322580645,0.0,807.0,2020,702.0
Yemen,2020-08-31,57,36,31.48,0.0,834.0,2020,702.0
Yemen,2020-09-30,46,13,28.48866666666667,0.0,920.0,2020,702.0
Yemen,2020-10-31,72,39,21.773225806451613,0.0,850.0,2020,702.0
Yemen,2020-11-30,84,52,13.890000000000002,0.0,767.0,2020,702.0
Yemen,2020-12-31,56,68,19.982903225806453,0.0,637.0,2020,702.0
Yemen,2021-01-31,69,33,25.71741935483871,0.0,573.0,2021,834.0
Yemen,2021-02-28,42,38,25.0,0.0,653.0,2021,834.0
Yemen,2021-03-31,65,89,25.896129032258063,0.0,870.0,2021,834.0
Yemen,2021-04-30,38,29,34.26,0.0,671.0,2021,834.0
Yemen,2021-05-31,32,27,34.26,0.0,482.0,2021,834.0
Yemen,2021-06-30,33,35,37.09666666666667,0.0,495.0,2021,834.0
Yemen,2021-07-31,23,8,37.96,0.0,600.0,2021,834.0
Yemen,2021-08-31,37,25,37.69129032258065,0.0,532.0,2021,834.0
Yemen,2021-09-30,39,34,32.03933333333333,0.0,570.0,2021,834.0
Yemen,2021-10-31,47,52,32.41,0.0,622.0,2021,834.0
Yemen,2021-11-30,31,23,28.332666666666668,0.0,660.0,2021,834.0
Yemen,2021-12-31,44,40,26.85,0.0,654.0,2021,834.0
Yemen,2022-01-31,55,76,26.85,0.0,815.0,2022,478.0
Yemen,2022-02-28,42,26,26.85,0.0,582.0,2022,478.0
Yemen,2022-03-31,38,57,30.616451612903226,0.0,561.0,2022,478.0
Yemen,2022-04-30,28,21,32.378,0.0,478.0,2022,478.0
Yemen,2022-05-31,38,21,27.35967741935484,0.0,592.0,2022,478.0
Yemen,2022-06-30,57,35,16.544,0.0,609.0,2022,478.0
Yemen,2022-07-31,45,25,3.2254838709677416,0.0,604.0,2022,478.0
Yemen,2022-08-31,50,16,0.0,0.0,676.0,2022,478.0
Yemen,2022-09-30,42,14,0.0,0.0,739.0,2022,478.0
Yemen,2022-10-31,59,21,0.0,0.0,290.0,2022,478.0
Yemen,2022-11-30,45,19,0.0,0.0,262.0,2022,478.0
Yemen,2022-12-31,57,26,0.0,0.0,239.0,2022,478.0
Zambia,2020-02-29,1,1,5.17344827586207,0.0,30.0,2020,22.0
Zambia,2020-04-30,1,0,57.68633333333333,25.0,2.0,2020,22.0
Zambia,2020-07-31,3,1,50.93,25.0,6.0,2020,22.0
Zambia,2020-09-30,2,2,40.95666666666667,25.0,10.0,2020,22.0
Zambia,2020-10-31,1,0,41.67,25.0,11.0,2020,22.0
Zambia,2020-12-31,2,3,49.37419354838709,25.0,4.0,2020,22.0
Zambia,2021-04-30,2,0,39.686666666666675,0.0,1.0,2021,33.0
Zambia,2021-07-31,1,0,49.730645161290326,25.0,14.0,2021,33.0
Zambia,2021-11-30,1,0,40.55466666666667,37.5,5.0,2021,33.0
Zambia,2022-02-28,2,0,13.89,43.75,8.0,2022,48.0
Zambia,2022-03-31,1,0,13.89,50.0,2.0,2022,48.0
Zambia,2022-04-30,1,1,13.890000000000002,50.0,3.0,2022,48.0
Zambia,2022-05-31,1,0,13.89,37.096774193548384,1.0,2022,48.0
Zambia,2022-06-30,2,1,13.890000000000002,0.0,3.0,2022,48.0
Zambia,2022-09-30,1,0,13.890000000000002,0.0,3.0,2022,48.0
Zambia,2022-11-30,1,0,13.890000000000002,0.0,5.0,2022,48.0
Zimbabwe,2020-02-29,4,0,8.33,0.0,3.0,2020,61.0
Zimbabwe,2020-03-31,4,0,28.284193548387094,0.0,7.0,2020,61.0
Zimbabwe,2020-04-30,19,0,87.96,19.166666666666668,18.0,2020,61.0
Zimbabwe,2020-05-31,9,0,87.96,25.0,9.0,2020,61.0
Zimbabwe,2020-06-30,9,0,75.12466666666667,25.0,9.0,2020,61.0
Zimbabwe,2020-07-31,8,1,75.30096774193548,25.0,11.0,2020,61.0
Zimbabwe,2020-08-31,4,0,80.56,25.0,4.0,2020,61.0
Zimbabwe,2020-09-30,3,0,78.45766666666667,25.0,12.0,2020,61.0
Zimbabwe,2020-10-31,1,0,71.3,25.0,6.0,2020,61.0
Zimbabwe,2020-11-30,1,1,68.57933333333334,25.0,2.0,2020,61.0
Zimbabwe,2020-12-31,5,1,68.42548387096774,25.0,5.0,2020,61.0
Zimbabwe,2021-01-31,2,1,83.51354838709678,25.0,3.0,2021,62.0
Zimbabwe,2021-02-28,1,1,85.97785714285715,25.0,4.0,2021,62.0
Zimbabwe,2021-03-31,2,0,55.46677419354839,0.8064516129032258,4.0,2021,62.0
Zimbabwe,2021-04-30,4,0,55.186,0.0,2.0,2021,62.0
Zimbabwe,2021-05-31,1,0,49.2241935483871,0.0,7.0,2021,62.0
Zimbabwe,2021-06-30,2,0,60.0,0.0,2.0,2021,62.0
Zimbabwe,2021-07-31,2,0,68.66612903225807,0.0,2.0,2021,62.0
Zimbabwe,2021-08-31,2,0,77.98322580645161,0.0,2.0,2021,62.0
Zimbabwe,2021-09-30,4,2,59.227666666666664,0.0,8.0,2021,62.0
Zimbabwe,2021-10-31,8,0,43.48677419354839,0.0,22.0,2021,62.0
Zimbabwe,2021-11-30,6,0,42.55933333333334,0.0,16.0,2021,62.0
Zimbabwe,2021-12-31,4,5,45.25064516129032,0.0,12.0,2021,62.0
Zimbabwe,2022-01-31,5,0,47.15387096774194,0.0,11.0,2022,54.0
Zimbabwe,2022-02-28,4,0,51.44857142857143,0.0,18.0,2022,54.0
Zimbabwe,2022-03-31,4,1,50.70741935483871,0.0,14.0,2022,54.0
Zimbabwe,2022-04-30,3,0,49.181000000000004,0.0,6.0,2022,54.0
Zimbabwe,2022-05-31,3,0,45.58709677419355,0.0,7.0,2022,54.0
Zimbabwe,2022-06-30,2,0,43.040333333333336,0.0,8.0,2022,54.0
Zimbabwe,2022-07-31,2,0,37.836129032258064,0.0,12.0,2022,54.0
Zimbabwe,2022-08-31,1,0,35.13354838709677,0.0,15.0,2022,54.0
Zimbabwe,2022-09-30,2,0,29.482333333333333,0.0,11.0,2022,54.0
Zimbabwe,2022-10-31,5,0,29.48,0.0,18.0,2022,54.0
Zimbabwe,2022-11-30,2,0,29.48,0.0,15.0,2022,54.0
Zimbabwe,2022-12-31,1,0,29.48,0.0,7.0,2022,54.0
